1.327745616436004639e-01,5.276721715927124023e-01,7.079378366470336914e-01,-3.457807004451751709e-01
1.878866702318191528e-01,1.408916473388671875e+00,-3.351483643054962158e-01,4.058606326580047607e-01
-2.176361560821533203e+00,7.283506989479064941e-01,-5.215473771095275879e-01,6.004258990287780762e-01
-1.176757812500000000e+00,-3.119607567787170410e-01,2.734006345272064209e-01,1.126605510711669922e+00
-1.060367703437805176e+00,-4.401539564132690430e-01,-7.524582743644714355e-01,6.906696557998657227e-01
-1.155856251716613770e+00,-3.607715666294097900e-01,-2.151435613632202148e-01,-5.204033851623535156e-02
-5.511343479156494141e-01,-1.318808555603027344e+00,-2.389500290155410767e-01,1.374998450279235840e+00
1.551593542098999023e+00,1.076312184333801270e+00,-1.585288047790527344e+00,-3.710100650787353516e-01
-3.086770176887512207e-01,-5.468510389328002930e-01,-1.312563419342041016e+00,1.815911054611206055e+00
-1.384392231702804565e-01,4.342208802700042725e-01,-4.712279140949249268e-02,-1.443260014057159424e-01
6.262207031250000000e-01,1.493703842163085938e+00,-9.948430657386779785e-01,4.640027582645416260e-01
-1.051301836967468262e+00,-1.786569654941558838e-01,6.763373017311096191e-01,-1.019320130348205566e+00
-2.815822660923004150e-01,-3.282736539840698242e-01,-6.311609596014022827e-02,-9.117272496223449707e-01
-1.417214155197143555e+00,1.145002365112304688e+00,-9.463726878166198730e-01,9.945207238197326660e-01
1.521181821823120117e+00,1.830582320690155029e-01,1.164831042289733887e+00,5.868418812751770020e-01
-2.042433917522430420e-01,-3.289583325386047363e-01,-1.929612904787063599e-01,3.348514437675476074e-01
1.453868508338928223e+00,4.474008977413177490e-01,-3.443245291709899902e-01,9.464021027088165283e-02
5.891336798667907715e-01,3.460258543491363525e-01,1.792734146118164062e+00,1.685445457696914673e-01
1.092175096273422241e-01,-1.389837980270385742e+00,1.762064099311828613e-01,-1.071812868118286133e+00
1.488096833229064941e+00,1.508208155632019043e+00,-1.979699432849884033e-01,-1.228227317333221436e-01
-1.839282274246215820e+00,-7.872896194458007812e-01,1.356404423713684082e-01,-7.859745025634765625e-01
-3.822300732135772705e-01,-6.362978816032409668e-01,7.346850037574768066e-01,-1.130001187324523926e+00
-4.959198832511901855e-01,-5.919650197029113770e-01,2.582035362720489502e-01,1.022507026791572571e-01
-4.037075936794281006e-01,4.307852685451507568e-01,7.294772267341613770e-01,-1.027367949485778809e+00
3.103648126125335693e-01,8.857811689376831055e-01,-5.608510971069335938e-02,-3.545442223548889160e-01
2.163269519805908203e-01,2.921255528926849365e-01,1.646406292915344238e+00,-3.607941269874572754e-01
-3.931665420532226562e-01,1.930429100990295410e+00,-1.098431825637817383e+00,-1.088083535432815552e-01
1.222348093986511230e+00,-6.195840835571289062e-01,-7.316243648529052734e-01,-2.442916035652160645e-01
-4.638946950435638428e-01,-9.478830099105834961e-01,-7.496025562286376953e-01,9.966120123863220215e-02
4.663643538951873779e-01,-7.277843952178955078e-01,-1.073727011680603027e+00,-4.361738264560699463e-01
-3.778586685657501221e-01,-1.104965567588806152e+00,4.337875247001647949e-01,-3.374981284141540527e-01
-1.360738635063171387e+00,6.514665484428405762e-01,-1.305151820182800293e+00,1.037553191184997559e+00
-2.854408323764801025e-01,-1.852553844451904297e+00,7.507401108741760254e-01,-1.583241939544677734e+00
9.885250329971313477e-01,-1.160269737243652344e+00,5.382524430751800537e-02,-1.316665291786193848e+00
-4.430508017539978027e-01,-3.797101676464080811e-01,6.727492064237594604e-02,-3.119874596595764160e-01
-2.574796080589294434e-01,-1.896900683641433716e-01,-7.584456801414489746e-01,3.147875964641571045e-01
1.501482963562011719e+00,3.507471084594726562e-02,-3.817220926284790039e-01,6.709186434745788574e-01
1.267345070838928223e+00,-1.666630357503890991e-01,1.904735416173934937e-01,3.025576114654541016e+00
3.254301846027374268e-01,8.085440993309020996e-01,-8.781554549932479858e-02,-2.385434657335281372e-01
5.793498158454895020e-01,4.409308135509490967e-01,3.812080621719360352e-01,3.109821677207946777e-01
-1.565130949020385742e-01,-1.616116404533386230e+00,4.014445543289184570e-01,-3.885167837142944336e-01
-1.085939910262823105e-02,1.431780338287353516e+00,1.312114745378494263e-01,1.390140771865844727e+00
1.566955566406250000e+00,-3.981294929981231689e-01,-1.407208561897277832e+00,6.707248836755752563e-02
-6.898072361946105957e-01,-1.541983842849731445e+00,-5.579836964607238770e-01,-1.172333002090454102e+00
-2.165271520614624023e+00,-1.842337250709533691e-01,4.907378181815147400e-02,-1.260705471038818359e+00
-5.259531140327453613e-01,2.486696481704711914e+00,-1.169287860393524170e-01,-8.004224896430969238e-01
-1.090049028396606445e+00,1.517540812492370605e-01,4.220634698867797852e-01,2.597949206829071045e-01
-2.588132023811340332e-01,-3.122826099395751953e+00,1.008998394012451172e+00,3.231787979602813721e-01
-1.202029109001159668e+00,7.290806174278259277e-01,-5.851104855537414551e-01,-1.292923450469970703e+00
-2.002341270446777344e+00,-1.877187371253967285e+00,2.550348043441772461e-01,1.246544718742370605e+00
1.665295481681823730e+00,1.570571780204772949e+00,-1.293541431427001953e+00,-1.600564420223236084e-01
7.699120640754699707e-01,3.282651305198669434e-01,8.294106125831604004e-01,7.711035609245300293e-01
-8.765422701835632324e-01,1.714540868997573853e-01,-1.117807552218437195e-01,5.085291266441345215e-01
-2.560016810894012451e-01,1.760807931423187256e-01,1.470453143119812012e+00,4.172936677932739258e-01
5.378950238227844238e-01,4.108120203018188477e-01,-1.393671631813049316e+00,-2.355529367923736572e-01
-1.268681764602661133e+00,-6.785227060317993164e-01,-9.343594908714294434e-01,4.089460968971252441e-01
-1.181590557098388672e+00,-1.364239096641540527e+00,-1.418555676937103271e-01,-5.022050142288208008e-01
-1.909881830215454102e-01,2.665255451574921608e-03,7.018237709999084473e-01,9.939948916435241699e-01
-1.305449008941650391e+00,-6.312929987907409668e-01,5.472581982612609863e-01,-3.704548776149749756e-01
5.003089904785156250e-01,-6.696535646915435791e-02,2.354555428028106689e-01,-6.244851946830749512e-01
-6.159722208976745605e-01,-3.816094994544982910e-01,-2.562128007411956787e-01,-1.798398971557617188e+00
-1.381117701530456543e-01,2.789278626441955566e-01,-2.992159724235534668e-01,4.308932423591613770e-01
-1.206419393420219421e-01,6.347787976264953613e-01,8.732310533523559570e-01,5.196808576583862305e-01
4.913767874240875244e-01,-1.445961356163024902e+00,1.100740432739257812e+00,-1.073036909103393555e+00
-1.720801591873168945e-01,-1.282853841781616211e+00,8.270969986915588379e-01,-1.050184488296508789e+00
9.110649228096008301e-01,2.049037694931030273e+00,-1.355568647384643555e+00,-1.027911067008972168e+00
-6.682408601045608521e-02,-1.361965179443359375e+00,1.059969186782836914e+00,-1.236169338226318359e-01
3.364652022719383240e-02,-2.485662460327148438e+00,2.880148291587829590e-01,1.212656259536743164e+00
-1.933194249868392944e-01,-6.629226207733154297e-01,-9.507454186677932739e-02,5.778225660324096680e-01
-3.091132342815399170e-01,9.094508290290832520e-01,4.908038675785064697e-01,2.019577264785766602e+00
5.232468843460083008e-01,-1.378537416458129883e-01,-2.034185886383056641e+00,-7.427037358283996582e-01
-9.621515274047851562e-01,-2.001129835844039917e-01,-4.038996398448944092e-01,1.803308129310607910e+00
1.010721921920776367e+00,1.040895342826843262e+00,-2.883674204349517822e-01,5.512568354606628418e-01
3.897230923175811768e-01,2.131134033203125000e+00,-6.360667943954467773e-01,1.732030153274536133e+00
-3.070879876613616943e-01,-9.159377217292785645e-01,-3.354626297950744629e-01,1.102197885513305664e+00
-7.161080837249755859e-01,2.561278343200683594e-01,3.927911818027496338e-01,7.623707056045532227e-01
-1.872144222259521484e+00,1.050763010978698730e+00,-8.775617480278015137e-01,-1.089290808886289597e-02
4.696921110153198242e-01,2.502452731132507324e-01,5.333633422851562500e-01,-1.424962162971496582e+00
-8.001803755760192871e-01,9.389176964759826660e-01,2.005072832107543945e+00,1.526177287101745605e+00
-6.338902115821838379e-01,-1.599723339080810547e+00,2.593144416809082031e+00,-1.390227437019348145e+00
1.482051730155944824e+00,5.803472399711608887e-01,-1.020058035850524902e+00,-3.317409455776214600e-01
4.962795972824096680e-01,6.081028580665588379e-01,-2.058956772089004517e-01,9.750047922134399414e-01
1.420080661773681641e+00,-1.792485862970352173e-01,5.755368471145629883e-01,1.118420362472534180e+00
-1.840933799743652344e+00,-1.011436805129051208e-01,-2.247239351272583008e+00,5.400665998458862305e-01
1.352756619453430176e-01,1.143873333930969238e+00,5.239288806915283203e-01,-1.105690717697143555e+00
5.679973959922790527e-01,3.286937624216079712e-02,7.331307530403137207e-01,1.431279659271240234e+00
8.818908929824829102e-01,3.350766599178314209e-01,9.924747347831726074e-01,1.374245285987854004e+00
1.364016652107238770e+00,2.138432115316390991e-01,8.848704695701599121e-01,-1.704616658389568329e-02
5.496556758880615234e-01,1.203679561614990234e+00,3.702567815780639648e-01,-1.043260246515274048e-01
-3.856672048568725586e-01,-1.885970115661621094e+00,3.638621866703033447e-01,6.624182462692260742e-01
-1.043804526329040527e+00,3.230684101581573486e-01,-4.837204813957214355e-01,-3.797760307788848877e-01
3.852478787302970886e-02,-4.535842835903167725e-01,-4.898361861705780029e-02,-1.344477415084838867e+00
6.124777793884277344e-01,-2.427213490009307861e-01,2.994918227195739746e-01,1.132126376032829285e-01
7.376868128776550293e-01,3.398620784282684326e-01,-2.224782705307006836e+00,-9.330770373344421387e-01
-6.946942210197448730e-01,-5.145889520645141602e-01,-1.680634140968322754e+00,-1.927818775177001953e+00
-1.835328459739685059e+00,7.760564684867858887e-01,-6.311271339654922485e-02,-1.161788105964660645e-01
4.857458472251892090e-01,-6.770198047161102295e-02,1.015867948532104492e+00,-1.042445540428161621e+00
1.457027554512023926e+00,1.181861400604248047e+00,1.011875987052917480e+00,3.284387588500976562e-01
-1.171858608722686768e-01,-4.452219605445861816e-01,-2.365814447402954102e-01,-1.399680078029632568e-01
-5.726591348648071289e-01,1.316512942314147949e+00,-1.395734786987304688e+00,-4.163847267627716064e-01
-2.022435367107391357e-01,-1.914148926734924316e-01,2.927118539810180664e-01,-9.714236855506896973e-01
1.017488360404968262e+00,2.153800576925277710e-01,-4.385902881622314453e-01,5.147217512130737305e-01
5.070841908454895020e-01,1.871690750122070312e+00,3.159459829330444336e-01,1.589537382125854492e+00
-1.027160048484802246e+00,-2.297245740890502930e+00,-2.781881205737590790e-02,-1.004905223846435547e+00
-5.597296357154846191e-01,-7.098204642534255981e-02,1.429828286170959473e+00,-1.076010227203369141e+00
-7.727917432785034180e-01,4.222680032253265381e-01,2.768692076206207275e-01,1.154274582862854004e+00
5.477162003517150879e-01,1.667187571525573730e+00,-6.327561736106872559e-01,1.575379848480224609e+00
6.815205812454223633e-01,-1.914154410362243652e+00,1.369890093803405762e+00,-4.746264815330505371e-01
1.154437780380249023e+00,6.037197113037109375e-01,6.367719173431396484e-01,4.289438426494598389e-01
-8.031335473060607910e-01,1.533089756965637207e+00,1.593497037887573242e+00,3.717670738697052002e-01
-4.029805958271026611e-02,-1.340741276741027832e+00,-1.102952003479003906e+00,-2.259191513061523438e+00
7.817786931991577148e-01,1.861057430505752563e-01,1.391774058341979980e+00,-1.025519609451293945e+00
-6.890390515327453613e-01,2.014267295598983765e-01,-4.254055321216583252e-01,-1.119754076004028320e+00
-3.190043270587921143e-01,-4.216527044773101807e-01,-8.900157213211059570e-01,8.591780066490173340e-01
1.714658617973327637e+00,2.033919692039489746e-01,-1.799310326576232910e+00,-2.431076765060424805e-01
7.598230242729187012e-01,-5.457800626754760742e-01,-6.969353649765253067e-03,-1.503179550170898438e+00
9.874587506055831909e-02,5.156654119491577148e-01,1.063340544700622559e+00,-3.314179554581642151e-02
1.856536507606506348e+00,1.350521564483642578e+00,-8.764876723289489746e-01,9.020965695381164551e-01
-2.481746673583984375e+00,-4.585776031017303467e-01,-1.239244416356086731e-01,-1.991936415433883667e-01
5.442206263542175293e-01,1.289980173110961914e+00,-1.666593402624130249e-01,-3.495580852031707764e-01
7.532944679260253906e-01,-3.585773706436157227e-01,3.842855617403984070e-02,5.234750509262084961e-01
-6.307873725891113281e-01,3.500277549028396606e-02,-6.482810378074645996e-01,1.752942919731140137e+00
-2.216720581054687500e-01,-3.414243757724761963e-01,-1.707666873931884766e+00,-1.759931087493896484e+00
1.357640981674194336e+00,-1.504670977592468262e+00,2.572931647300720215e-01,-1.347008705139160156e+00
3.447803258895874023e-01,8.676679432392120361e-02,9.302538633346557617e-01,-9.795561432838439941e-01
5.227724313735961914e-01,-9.606778025627136230e-01,1.708649158477783203e+00,-8.557063937187194824e-01
-1.873353958129882812e+00,5.864237546920776367e-01,2.857704460620880127e-02,-1.184860825538635254e+00
-9.794828891754150391e-01,6.748184561729431152e-01,4.465663731098175049e-01,9.077284932136535645e-01
-1.938124448060989380e-01,-4.947649836540222168e-01,3.240107297897338867e-01,-6.269412040710449219e-01
2.850069046020507812e+00,5.136409401893615723e-01,-1.204200163483619690e-01,-1.737949699163436890e-01
-3.280103206634521484e-01,-7.768123745918273926e-01,-1.764225959777832031e+00,-2.111220508813858032e-01
1.486611485481262207e+00,3.029805421829223633e-01,2.847726941108703613e-01,9.457938075065612793e-01
-8.259046077728271484e-01,-8.493338823318481445e-01,1.510313004255294800e-01,7.262251377105712891e-01
-3.358736932277679443e-01,1.260980606079101562e+00,-2.094607949256896973e-01,2.354031801223754883e-01
8.764176368713378906e-01,-1.830277681350708008e+00,-6.658022403717041016e-01,-4.863706603646278381e-02
1.805201321840286255e-01,-2.964725196361541748e-01,1.063683867454528809e+00,2.383695244789123535e-01
1.647790670394897461e-01,1.096076741814613342e-01,8.117607831954956055e-01,-4.024367928504943848e-01
-2.757438421249389648e-01,-9.704028964042663574e-01,-1.052587032318115234e+00,1.383483409881591797e+00
-7.753465175628662109e-01,-3.697358667850494385e-01,1.137077093124389648e+00,4.063830375671386719e-01
1.423354029655456543e+00,1.643167495727539062e+00,8.914787769317626953e-01,-2.155724614858627319e-01
1.790365129709243774e-01,-1.674222588539123535e+00,8.014723062515258789e-01,-8.094639182090759277e-01
-5.906459689140319824e-01,2.130359172821044922e+00,1.757242441177368164e+00,1.595286279916763306e-02
4.886254072189331055e-01,-5.388587713241577148e-01,4.076709449291229248e-01,5.433669686317443848e-01
5.169286727905273438e-01,1.271984815597534180e+00,-1.211720466613769531e+00,-6.146708130836486816e-01
1.191511154174804688e+00,-1.121839165687561035e+00,-4.470424950122833252e-01,-9.305055737495422363e-01
5.677585005760192871e-01,-5.728676319122314453e-01,-1.411984801292419434e+00,6.443056464195251465e-01
-2.129240036010742188e-01,3.841995298862457275e-01,-1.322684764862060547e+00,-1.325090527534484863e-01
-7.441723346710205078e-01,8.079839348793029785e-01,4.966966509819030762e-01,4.350080490112304688e-01
-3.711954057216644287e-01,-2.350178718566894531e+00,-1.837452173233032227e+00,5.979121327400207520e-01
-8.458096385002136230e-01,9.926797151565551758e-01,-1.449611485004425049e-01,-2.916248559951782227e+00
2.941831350326538086e-01,1.106789588928222656e+00,-1.190008781850337982e-02,-1.136573314666748047e+00
-6.872211694717407227e-01,-4.726194143295288086e-01,-1.670893430709838867e+00,1.454830884933471680e+00
3.938629925251007080e-01,-8.143937587738037109e-02,7.172802090644836426e-01,-4.758340120315551758e-01
1.361678361892700195e+00,1.073984026908874512e+00,9.147849082946777344e-01,-3.675542175769805908e-01
-1.275901645421981812e-01,-1.212035417556762695e+00,-1.339341998100280762e+00,2.110723257064819336e+00
-1.067018806934356689e-01,2.545297861099243164e+00,4.651700854301452637e-01,1.726508587598800659e-01
-5.797735452651977539e-01,-1.450570106506347656e+00,8.767644762992858887e-01,-1.183874383568763733e-01
1.886043548583984375e+00,1.369467020034790039e+00,-2.513253688812255859e+00,2.876416742801666260e-01
-6.963276267051696777e-01,7.138578891754150391e-01,-4.405200481414794922e-02,-1.320709228515625000e+00
-1.806221157312393188e-02,6.852810382843017578e-01,9.950456023216247559e-01,-3.364616036415100098e-01
-7.464472055435180664e-01,-5.392772555351257324e-01,5.676144957542419434e-01,1.125718951225280762e-01
-1.073790788650512695e+00,5.888184309005737305e-01,-2.267288565635681152e-01,2.896548509597778320e+00
-1.041101217269897461e+00,1.674911677837371826e-01,1.006293892860412598e+00,-5.482519865036010742e-01
-7.304490804672241211e-01,2.236153185367584229e-01,8.630080223083496094e-01,1.427295684814453125e+00
-3.222017884254455566e-01,9.492945075035095215e-01,6.688072085380554199e-01,1.560109019279479980e+00
-4.715317487716674805e-01,-9.589319229125976562e-01,-7.203986048698425293e-01,-6.154791116714477539e-01
-2.722542285919189453e-01,2.791957616806030273e+00,1.070114731788635254e+00,1.735736280679702759e-01
-3.531449735164642334e-01,-1.518260836601257324e+00,-2.598451673984527588e-01,5.357426404953002930e-01
4.289823174476623535e-01,-5.474445223808288574e-01,-1.122156143188476562e+00,4.144311547279357910e-01
9.473091959953308105e-01,2.638783454895019531e-01,-2.517418622970581055e+00,8.731765672564506531e-03
8.927004039287567139e-02,1.193149209022521973e+00,-9.211041331291198730e-01,1.397265672683715820e+00
2.331493645906448364e-01,3.419926464557647705e-01,5.260709524154663086e-01,-7.772489190101623535e-01
1.876877099275588989e-01,-1.618164330720901489e-01,1.587078690528869629e+00,1.087247133255004883e+00
4.060972034931182861e-01,4.141748845577239990e-01,1.166277050971984863e+00,2.874867618083953857e-01
-6.193374395370483398e-01,-1.866976916790008545e-02,1.330627560615539551e+00,9.845467805862426758e-01
-2.765837013721466064e-01,1.508429408073425293e+00,9.662547707557678223e-02,1.007927417755126953e+00
3.690654337406158447e-01,-2.386895418167114258e-01,-2.849676311016082764e-01,-5.628835558891296387e-01
-1.297863960266113281e+00,2.286754846572875977e+00,-7.343165874481201172e-01,1.925790905952453613e+00
1.659676432609558105e+00,4.214657545089721680e-01,-1.663492560386657715e+00,-5.329331159591674805e-01
-2.889475226402282715e-01,-9.007380008697509766e-01,1.075497746467590332e+00,-9.549242854118347168e-01
-8.592279553413391113e-01,2.443271875381469727e+00,-6.600193977355957031e-01,-8.485047817230224609e-01
3.196049630641937256e-01,-1.093099474906921387e+00,-5.871884897351264954e-02,2.239581793546676636e-01
-1.170808196067810059e+00,2.437620759010314941e-01,7.361105084419250488e-01,-5.267189741134643555e-01
1.790793240070343018e-01,-9.303560256958007812e-01,1.852583050727844238e+00,1.194846510887145996e+00
-1.344752788543701172e+00,1.209182739257812500e+00,-2.134870052337646484e+00,1.518418908119201660e+00
1.087419629096984863e+00,-1.829966306686401367e-01,8.920671045780181885e-02,1.184184074401855469e+00
-4.398409426212310791e-01,7.047972083091735840e-01,-1.757799863815307617e+00,9.627776592969894409e-02
4.755258262157440186e-01,3.687319755554199219e-01,2.328408211469650269e-01,3.758616447448730469e-01
-1.085476055741310120e-01,1.437803626060485840e+00,-8.154788017272949219e-01,9.264107942581176758e-01
1.316671252250671387e+00,-2.692784070968627930e-01,-1.354491591453552246e+00,2.631723880767822266e-01
-1.310643553733825684e+00,-1.026909828186035156e+00,-1.263955950736999512e+00,1.328897118568420410e+00
-8.606904745101928711e-01,7.735356092453002930e-01,-1.288017153739929199e+00,-2.466898709535598755e-01
-2.588258385658264160e-01,4.287687838077545166e-01,-8.672819733619689941e-01,2.020849466323852539e+00
1.033644437789916992e+00,-1.532111912965774536e-01,-6.563276052474975586e-01,-3.865432366728782654e-02
-1.098565220832824707e+00,3.127396702766418457e-01,-1.249006032943725586e+00,1.320638179779052734e+00
3.634750247001647949e-01,1.663889177143573761e-02,1.801232337951660156e+00,-8.442223072052001953e-01
-1.420804500579833984e+00,-2.217454910278320312e-01,6.629365086555480957e-01,9.394159913063049316e-01
1.313441097736358643e-01,1.084828734397888184e+00,-1.252473235130310059e+00,1.385331451892852783e-01
2.313327312469482422e+00,6.876784563064575195e-01,-6.579142212867736816e-01,-4.512601494789123535e-01
-1.182465553283691406e+00,1.200709104537963867e+00,-1.027174353599548340e+00,1.259082198143005371e+00
3.983754515647888184e-01,2.143435478210449219e+00,1.755371093750000000e-01,-5.074693560600280762e-01
-7.713836431503295898e-01,2.482225000858306885e-01,-1.071370601654052734e+00,-8.283764123916625977e-01
4.960577487945556641e-01,-1.425431072711944580e-01,2.068678289651870728e-01,-1.829838991165161133e+00
2.032287567853927612e-01,9.584112763404846191e-01,-1.925634220242500305e-02,-4.161083996295928955e-01
-2.216137170791625977e+00,1.326114386320114136e-01,1.660386681556701660e+00,4.883424043655395508e-01
1.740713119506835938e-01,-5.205036997795104980e-01,-5.004693269729614258e-01,5.654022097587585449e-01
-8.948061466217041016e-01,1.616807341575622559e+00,1.001941680908203125e+00,1.986461400985717773e+00
-2.834394872188568115e-01,-9.535457491874694824e-01,-3.332168757915496826e-01,-3.354501128196716309e-01
2.814435660839080811e-01,8.176898956298828125e-01,-9.043244123458862305e-01,-1.286457777023315430e+00
-8.382685184478759766e-01,5.937709808349609375e-01,5.581300258636474609e-01,-2.304805040359497070e+00
7.336478233337402344e-01,7.158061861991882324e-01,-3.882088959217071533e-01,-9.033768624067306519e-02
-1.354423612356185913e-01,5.974063873291015625e-01,4.499678015708923340e-01,-1.387573629617691040e-01
-9.138607382774353027e-01,6.186230853199958801e-02,1.370997190475463867e+00,-6.630352735519409180e-01
-1.426535248756408691e+00,-8.212701678276062012e-01,5.784422159194946289e-01,-6.974353194236755371e-01
-5.705438852310180664e-01,1.720218777656555176e+00,1.872856318950653076e-01,6.634496450424194336e-01
1.136324763298034668e+00,-6.244629025459289551e-01,6.302933394908905029e-02,2.281722277402877808e-01
5.747607350349426270e-01,-2.805699348449707031e+00,-6.245964765548706055e-01,1.818774104118347168e+00
-2.826716423034667969e+00,-4.363809525966644287e-01,-3.614880740642547607e-01,7.099431157112121582e-01
-2.107380151748657227e+00,-3.176855668425559998e-02,-9.516424536705017090e-01,-9.013903737068176270e-01
-1.289967417716979980e+00,3.674674630165100098e-01,1.224676743149757385e-01,-2.233316600322723389e-01
2.874503135681152344e-01,9.224420785903930664e-01,4.245488345623016357e-01,3.218919932842254639e-01
3.759835660457611084e-01,2.944799959659576416e-01,-1.738108277320861816e+00,-6.862416118383407593e-02
-1.579047560691833496e+00,1.887405961751937866e-01,-1.667501211166381836e+00,-8.146283626556396484e-01
7.575132846832275391e-01,-3.917300403118133545e-01,-1.464717268943786621e+00,-5.916919112205505371e-01
-2.483258694410324097e-01,4.696533977985382080e-01,2.531028985977172852e-01,-9.710002690553665161e-02
-1.705353111028671265e-01,1.179689168930053711e+00,-2.467170506715774536e-01,1.299171924591064453e+00
-1.210178494453430176e+00,2.404358386993408203e-01,1.239507272839546204e-01,-1.224211454391479492e+00
-2.784617841243743896e-01,8.928958773612976074e-01,9.787684082984924316e-01,1.331809163093566895e+00
4.116773307323455811e-01,1.299063324928283691e+00,3.496553897857666016e-01,7.538047432899475098e-01
-1.700830817222595215e+00,2.389769554138183594e-01,-2.241681218147277832e-01,-8.649370074272155762e-01
1.054448962211608887e+00,9.765635132789611816e-01,1.701330691576004028e-01,6.638740301132202148e-01
-7.659800052642822266e-01,1.906012296676635742e+00,-1.065354347229003906e+00,-7.660111188888549805e-01
6.081949472427368164e-01,7.858986407518386841e-02,-1.243823647499084473e+00,-3.838029801845550537e-01
-5.315666198730468750e-01,-8.385013937950134277e-01,1.010740756988525391e+00,1.406032919883728027e+00
7.105721831321716309e-01,-2.926624380052089691e-02,7.021310925483703613e-01,-3.155167996883392334e-01
-6.378473639488220215e-01,-1.160149350762367249e-01,-1.264358997344970703e+00,8.643000572919845581e-02
6.809567809104919434e-01,2.275909662246704102e+00,6.578145623207092285e-01,-3.365928232669830322e-01
2.729488909244537354e-01,6.101575493812561035e-01,-4.625343158841133118e-02,-4.742616117000579834e-01
-1.951925873756408691e+00,2.595274686813354492e+00,1.746679544448852539e+00,1.269513368606567383e-01
-6.036135554313659668e-01,1.490974575281143188e-01,-1.014922022819519043e+00,2.046551853418350220e-01
-8.258165717124938965e-01,-4.361888468265533447e-01,-3.697131946682929993e-02,1.006650567054748535e+00
4.469999074935913086e-01,-4.303967952728271484e-01,-2.297763973474502563e-01,1.115900635719299316e+00
6.085188388824462891e-01,1.211919123306870461e-03,-7.774484157562255859e-01,-4.891143739223480225e-01
6.567639857530593872e-02,-1.329962253570556641e+00,4.045633971691131592e-01,1.497146844863891602e+00
3.160429298877716064e-01,-1.569098591804504395e+00,8.021024465560913086e-01,2.762323319911956787e-01
1.788757324218750000e+00,2.729757130146026611e-01,1.335442185401916504e+00,-8.493890166282653809e-01
-1.261799097061157227e+00,6.532116532325744629e-01,-7.213417887687683105e-01,1.122052222490310669e-01
-1.765581011772155762e+00,4.539903104305267334e-01,-4.421401023864746094e-02,5.947209596633911133e-01
1.190401554107666016e+00,-1.028274416923522949e+00,-1.169531941413879395e+00,6.106855347752571106e-02
-4.292532801628112793e-01,-6.375941038131713867e-01,8.186619877815246582e-01,5.302308201789855957e-01
8.738631606101989746e-01,4.877816438674926758e-01,-1.752675473690032959e-01,-4.309366643428802490e-02
-1.032846689224243164e+00,-9.359515309333801270e-01,1.780979707837104797e-02,7.778522968292236328e-01
3.909607231616973877e-01,7.731449604034423828e-01,-1.902373693883419037e-02,-1.189901709556579590e+00
3.107627630233764648e-01,1.339317798614501953e+00,-4.730587303638458252e-01,1.478625655174255371e+00
1.265773296356201172e+00,-8.428915739059448242e-01,-1.405590891838073730e+00,1.243565306067466736e-01
-9.696182012557983398e-01,3.469964861869812012e-01,-1.670507311820983887e+00,-3.332839250564575195e+00
3.368752002716064453e-01,7.890558242797851562e-01,-1.004390597343444824e+00,7.054537534713745117e-01
2.479829639196395874e-01,1.878579616546630859e+00,2.002775371074676514e-01,-7.053223252296447754e-01
4.665134251117706299e-01,2.077811211347579956e-01,-1.601638048887252808e-01,-1.438314318656921387e+00
-3.521024584770202637e-01,1.950695663690567017e-01,-1.053269267082214355e+00,-2.303855180740356445e+00
-2.312387466430664062e+00,2.390578538179397583e-01,3.481291830539703369e-01,-2.434576600790023804e-01
-9.725222587585449219e-01,-9.060701131820678711e-01,-1.928485870361328125e+00,-6.395027041435241699e-01
1.722630739212036133e+00,-3.809649869799613953e-02,7.603133320808410645e-01,2.273011952638626099e-01
9.557052701711654663e-02,2.021072357892990112e-01,8.038797378540039062e-01,4.939482808113098145e-01
-1.154186606407165527e+00,1.190910696983337402e+00,2.036233901977539062e+00,-4.436244368553161621e-01
-1.678005814552307129e+00,-1.828739166259765625e+00,-7.756397128105163574e-02,1.273562192916870117e+00
-1.844664096832275391e+00,6.367001533508300781e-01,-3.798257708549499512e-01,-2.075127065181732178e-01
6.726495623588562012e-01,-6.302848458290100098e-01,3.607333302497863770e-01,8.288431763648986816e-01
-1.195813417434692383e+00,8.461670279502868652e-01,1.175198793411254883e+00,4.929596781730651855e-01
3.556113839149475098e-01,-4.641945362091064453e-01,1.827881693840026855e+00,2.383632659912109375e-01
2.302497178316116333e-01,2.052747726440429688e+00,1.636569023132324219e+00,1.359490633010864258e+00
3.877318203449249268e-01,3.056256175041198730e-01,6.733931303024291992e-01,-7.403518557548522949e-01
3.433670699596405029e-01,-1.564028978347778320e+00,3.879829868674278259e-02,-8.133128285408020020e-01
6.559810042381286621e-01,-1.140618801116943359e+00,-2.042079865932464600e-01,7.144558429718017578e-01
-1.305708885192871094e-01,5.644325017929077148e-01,-1.017471909523010254e+00,-6.819662451744079590e-01
1.161604642868041992e+00,-5.984274148941040039e-01,-8.246112614870071411e-02,6.454765200614929199e-01
1.385009527206420898e+00,2.065276622772216797e+00,-7.626094222068786621e-01,1.593549698591232300e-01
-7.580741643905639648e-01,3.307634353637695312e+00,-1.272210359573364258e+00,-2.709800302982330322e-01
-1.131621479988098145e+00,-7.769809365272521973e-01,1.184239983558654785e+00,1.017723441123962402e+00
-2.651054263114929199e-01,6.775301098823547363e-01,-7.864851355552673340e-01,-1.491617679595947266e+00
-2.400148361921310425e-01,1.280325889587402344e+00,1.731772422790527344e-01,-7.624131441116333008e-01
-1.774953156709671021e-01,6.093506217002868652e-01,-1.573952674865722656e+00,-1.440937757492065430e+00
-1.611535906791687012e+00,-1.429018974304199219e+00,3.238819241523742676e-01,1.265245795249938965e+00
3.268207013607025146e-01,-7.203663587570190430e-01,2.574687600135803223e-01,-1.138378982432186604e-03
-9.662657231092453003e-02,1.495150923728942871e-01,1.278358578681945801e+00,-7.341799139976501465e-02
9.371330589056015015e-02,6.858435869216918945e-01,-8.960957825183868408e-02,-2.449733972549438477e+00
9.041244536638259888e-02,-5.487742424011230469e-01,-6.492684483528137207e-01,-6.158515214920043945e-01
-2.154130935668945312e-01,-3.540974855422973633e-01,1.703367352485656738e+00,-1.210860162973403931e-01
-7.033104300498962402e-01,-4.907403290271759033e-01,9.732100367546081543e-01,8.522853851318359375e-01
8.760156035423278809e-01,-6.643524169921875000e-01,5.518620610237121582e-01,2.577093839645385742e-01
-7.791824936866760254e-01,-8.918514251708984375e-01,-1.473206758499145508e+00,1.198287725448608398e+00
-2.879024744033813477e-01,-9.310578703880310059e-01,3.132806718349456787e-02,7.259430885314941406e-01
-8.845109343528747559e-01,-2.515690803527832031e+00,2.403952598571777344e+00,5.422282814979553223e-01
-5.530329346656799316e-01,1.002038955688476562e+00,-7.494012117385864258e-01,6.706658005714416504e-01
2.585232257843017578e-01,-1.820218563079833984e+00,4.296417534351348877e-01,-5.832187533378601074e-01
6.984102725982666016e-01,2.810753345489501953e+00,-4.359705448150634766e-01,1.105770230293273926e+00
1.161976456642150879e+00,-2.642338275909423828e-01,5.278657078742980957e-01,-1.194406896829605103e-01
6.711066365242004395e-01,-3.839164674282073975e-01,-3.592843115329742432e-01,1.228003025054931641e+00
7.030390501022338867e-01,1.738392233848571777e+00,-1.649300813674926758e+00,5.674450993537902832e-01
-3.628398180007934570e-01,1.376857876777648926e+00,-2.305214405059814453e+00,9.991641044616699219e-01
-2.728520631790161133e-01,-1.136274412274360657e-01,1.814022660255432129e+00,-5.668431520462036133e-01
1.025987029075622559e+00,-3.817357420921325684e-01,2.096108436584472656e+00,-8.266269229352474213e-03
-9.782366752624511719e-01,-5.881143808364868164e-01,1.583010107278823853e-01,-2.227261781692504883e+00
1.973208665847778320e+00,6.496774554252624512e-01,4.991422295570373535e-01,1.268621087074279785e+00
-6.021119952201843262e-01,7.276670932769775391e-01,-8.788638710975646973e-01,9.386859089136123657e-02
-1.982771873474121094e+00,-1.451522588729858398e+00,5.871993303298950195e-01,-1.891201287508010864e-01
3.209920823574066162e-01,3.721657991409301758e-01,4.031975865364074707e-01,2.111154794692993164e+00
5.881860852241516113e-01,1.244417905807495117e+00,-5.941066145896911621e-01,-6.346510648727416992e-01
-1.529210686683654785e+00,-1.266544580459594727e+00,-1.816528141498565674e-01,4.163118898868560791e-01
1.959836840629577637e+00,-1.658749103546142578e+00,-4.436725080013275146e-01,-2.961448729038238525e-01
-4.620815515518188477e-01,4.136776924133300781e-01,-4.377288520336151123e-01,-1.362352609634399414e+00
6.590566039085388184e-01,-1.177319049835205078e+00,1.052675724029541016e+00,1.490156531333923340e+00
8.524287492036819458e-02,-4.374439716339111328e-01,4.773554801940917969e-01,1.633466362953186035e+00
-2.697746038436889648e+00,3.847863078117370605e-01,8.608338832855224609e-01,-9.384353756904602051e-01
1.676496416330337524e-01,-1.666391849517822266e+00,6.817600131034851074e-02,-7.215448021888732910e-01
6.049024462699890137e-01,5.579236149787902832e-01,3.003464043140411377e-01,1.360842704772949219e+00
-3.930453658103942871e-01,-5.272284150123596191e-01,3.804539442062377930e-01,-4.105648398399353027e-01
-1.017756223678588867e+00,-1.166715145111083984e+00,8.359375596046447754e-01,-2.287076562643051147e-01
-1.238698721863329411e-03,-1.106275796890258789e+00,6.934176683425903320e-01,-7.462394237518310547e-01
-1.011163592338562012e+00,-5.004526376724243164e-01,-1.367921680212020874e-01,5.054873228073120117e-01
1.981488913297653198e-01,-1.357264518737792969e+00,1.898080468177795410e+00,-2.705216407775878906e-01
1.309573501348495483e-01,9.445607662200927734e-01,1.478644251823425293e+00,-1.286102294921875000e+00
3.427664041519165039e-01,-5.841249600052833557e-02,4.749472439289093018e-01,3.809454441070556641e-01
-3.301307260990142822e-01,-1.389838457107543945e-01,1.484076231718063354e-01,-6.146157979965209961e-01
6.425578594207763672e-01,-4.431855082511901855e-01,-5.364411473274230957e-01,-4.615177512168884277e-01
6.652448177337646484e-01,-1.226339101791381836e+00,-1.192983388900756836e+00,5.177597403526306152e-01
-1.937753438949584961e+00,-1.031928420066833496e+00,1.746384501457214355e-01,1.249765157699584961e+00
1.946301758289337158e-01,-2.881554961204528809e-01,-3.481620550155639648e+00,-5.872495174407958984e-01
3.009322881698608398e-01,-1.160281658172607422e+00,6.323581188917160034e-02,1.307719588279724121e+00
-6.632705032825469971e-02,1.344780564308166504e+00,9.273279458284378052e-02,6.332262158393859863e-01
1.359328627586364746e-02,-7.299367189407348633e-01,-2.065094232559204102e+00,-7.297459244728088379e-01
1.818757176399230957e+00,-1.319655030965805054e-01,1.412076234817504883e+00,3.553865253925323486e-01
1.573895215988159180e+00,-1.405029177665710449e+00,2.558648109436035156e+00,-2.762218713760375977e-01
-8.859784603118896484e-01,-8.491855114698410034e-02,-1.677418947219848633e+00,1.220971822738647461e+00
-4.658526182174682617e-01,-5.818965435028076172e-01,-1.138306260108947754e+00,-1.273076981306076050e-01
1.518655180931091309e+00,-1.682545185089111328e+00,-8.655957579612731934e-01,1.092441380023956299e-01
7.607378363609313965e-01,-1.109392642974853516e+00,-4.643293470144271851e-02,-1.276257276535034180e+00
-5.327397584915161133e-01,-5.763044953346252441e-01,-1.563979148864746094e+00,1.669611454010009766e+00
1.013354286551475525e-01,1.296772718429565430e+00,1.777701824903488159e-02,-2.558475136756896973e-01
-2.158548355102539062e+00,-2.855641841888427734e-01,3.476654887199401855e-01,-8.012502193450927734e-01
-3.114203214645385742e-01,3.593644201755523682e-01,-2.984233498573303223e-01,8.761867284774780273e-01
-4.569701850414276123e-01,1.147148370742797852e+00,3.518654406070709229e-02,-3.935505449771881104e-01
-1.588856220245361328e+00,-1.511809974908828735e-02,1.848359346389770508e+00,-2.455151677131652832e-01
3.755927681922912598e-01,1.460182189941406250e+00,1.534622311592102051e+00,1.080950856208801270e+00
-1.244757622480392456e-01,-1.327171683311462402e+00,-1.942651420831680298e-01,1.162272691726684570e-01
-1.908106565475463867e+00,4.447306394577026367e-01,6.864203214645385742e-01,-2.325680494308471680e+00
-6.067069172859191895e-01,4.804712533950805664e-01,7.846038937568664551e-01,-7.938982248306274414e-01
5.709848403930664062e-01,-1.956676721572875977e+00,-3.934051692485809326e-01,1.016645431518554688e+00
-1.042545437812805176e+00,8.879882097244262695e-01,-4.048042595386505127e-01,-4.622781872749328613e-01
-7.463690042495727539e-01,-2.750578820705413818e-01,1.129198789596557617e+00,5.162402987480163574e-01
9.453295916318893433e-02,5.896046161651611328e-01,-8.445256203413009644e-02,7.842847108840942383e-01
5.228341817855834961e-01,8.419361114501953125e-01,6.298018693923950195e-01,-4.896460771560668945e-01
1.116621851921081543e+00,-3.065173327922821045e-01,4.569185972213745117e-01,-2.201611362397670746e-02
6.934846043586730957e-01,-2.546015501022338867e+00,1.840108871459960938e+00,-1.664446830749511719e+00
3.355745598673820496e-02,-6.825158596038818359e-01,-6.188369393348693848e-01,-6.108165979385375977e-01
4.063801765441894531e-01,-7.936992645263671875e-01,-1.199087381362915039e+00,-1.332720518112182617e+00
-1.056366324424743652e+00,9.146554470062255859e-01,-1.305517792701721191e+00,-1.400149345397949219e+00
-4.819011390209197998e-01,5.510686635971069336e-01,7.133378982543945312e-01,3.723788261413574219e-01
-7.790417969226837158e-02,-3.524650037288665771e-01,3.438565135002136230e-01,-2.491450905799865723e-01
-7.054836750030517578e-01,3.844632506370544434e-01,-4.624031782150268555e-01,7.257673144340515137e-01
-9.092425107955932617e-01,1.124889105558395386e-01,-6.856885552406311035e-02,-8.651722669601440430e-01
-5.318077206611633301e-01,7.831013798713684082e-01,-4.988851249217987061e-01,4.056141674518585205e-01
6.618022322654724121e-01,6.069867014884948730e-01,6.152311563491821289e-01,1.098860621452331543e+00
-2.414243698120117188e+00,-7.614173889160156250e-01,6.348359584808349609e-01,-1.659080237150192261e-01
7.244920730590820312e-01,-1.903964877128601074e-01,3.181632459163665771e-01,-1.423602223396301270e+00
-6.253667473793029785e-01,-1.131110548973083496e+00,3.083344995975494385e-01,-1.120774000883102417e-01
4.463416635990142822e-01,-2.059946805238723755e-01,2.043802738189697266e+00,8.224464654922485352e-01
1.778707265853881836e+00,-2.747966945171356201e-01,-4.824588298797607422e-01,1.006717801094055176e+00
-1.747262924909591675e-01,1.339579582214355469e+00,-7.919073104858398438e-01,-1.206726193428039551e+00
1.129827857017517090e+00,2.520698308944702148e+00,7.523479461669921875e-01,1.384925484657287598e+00
-6.043803095817565918e-01,-5.503754019737243652e-01,-5.214264392852783203e-01,1.324068009853363037e-01
-5.680945888161659241e-02,-4.274072349071502686e-01,1.145437955856323242e+00,-1.290428638458251953e+00
-2.149533987045288086e+00,1.285776019096374512e+00,5.539706945419311523e-01,6.564655900001525879e-01
8.054578900337219238e-01,8.295906186103820801e-01,-4.485116302967071533e-01,4.352262914180755615e-01
9.565267562866210938e-01,7.392255961894989014e-02,-9.702301025390625000e-01,-2.104008197784423828e-01
1.855925172567367554e-01,-1.501773238182067871e+00,-1.599694252014160156e+00,9.574550986289978027e-01
6.235681772232055664e-01,9.363602399826049805e-01,-2.970753423869609833e-02,3.218393325805664062e-01
1.287111163139343262e+00,1.256832242012023926e+00,6.649951338768005371e-01,-2.171753168106079102e+00
-1.037705659866333008e+00,-1.245775938034057617e+00,1.713593125343322754e+00,2.377716079354286194e-02
-2.599100768566131592e-01,-7.449235320091247559e-01,5.718551874160766602e-01,1.591719031333923340e+00
1.479944586753845215e-01,-8.628153800964355469e-02,1.823620945215225220e-01,1.927249908447265625e+00
1.405434131622314453e+00,-6.435706615447998047e-01,8.582730293273925781e-01,1.664011240005493164e+00
6.497194766998291016e-01,-1.141679167747497559e+00,6.946633458137512207e-01,1.608860015869140625e+00
4.692104756832122803e-01,9.171577692031860352e-01,1.103787899017333984e+00,-9.910829663276672363e-01
8.589357137680053711e-01,-2.337506860494613647e-01,-1.050749540328979492e+00,-4.099437594413757324e-01
1.669717311859130859e+00,9.314879775047302246e-01,-6.165863871574401855e-01,1.639207243919372559e+00
2.432506799697875977e+00,8.802117109298706055e-01,-5.318152904510498047e-01,-2.621256113052368164e+00
-1.560455411672592163e-01,-2.940275669097900391e+00,6.185982823371887207e-01,1.505393266677856445e+00
-1.457858443260192871e+00,-1.850391864776611328e+00,-1.325372338294982910e+00,9.358404278755187988e-01
5.916743278503417969e-01,-2.102715253829956055e+00,8.614594340324401855e-01,5.557826161384582520e-01
-4.324709177017211914e-01,1.952239036560058594e+00,-4.682978093624114990e-01,7.805016040802001953e-01
1.607671141624450684e+00,7.566661834716796875e-01,1.624114394187927246e+00,-6.227796673774719238e-01
-1.223929762840270996e+00,1.113807439804077148e+00,-1.540767431259155273e+00,3.963674604892730713e-02
1.075575947761535645e-01,3.660198450088500977e-01,-1.185244202613830566e+00,-2.307222932577133179e-01
3.191080987453460693e-01,-2.631825506687164307e-01,3.185686588287353516e+00,-1.077427029609680176e+00
1.288650751113891602e+00,7.122755646705627441e-01,4.075944721698760986e-01,2.728416919708251953e-01
2.689425945281982422e-01,-1.398321747779846191e+00,7.452691197395324707e-01,9.709813445806503296e-02
-8.585605621337890625e-01,-8.628885447978973389e-02,-4.977447390556335449e-01,-2.013127088546752930e+00
-1.716922968626022339e-01,1.688656210899353027e-01,-3.884706795215606689e-01,-4.482308924198150635e-01
-4.245298802852630615e-01,8.975894451141357422e-01,-7.594038844108581543e-01,-7.549912668764591217e-03
-1.045242071151733398e+00,1.672330200672149658e-01,-3.700298666954040527e-01,-1.868787646293640137e+00
2.358957529067993164e+00,-1.977720111608505249e-01,8.908054791390895844e-03,-1.031202673912048340e+00
-4.489505290985107422e-01,-1.469985961914062500e+00,-7.720606923103332520e-01,-3.593609109520912170e-02
1.394263625144958496e+00,-1.242874503135681152e+00,6.659579277038574219e-01,-1.942881345748901367e+00
1.322015643119812012e+00,1.780659705400466919e-01,2.280642986297607422e+00,-3.060000836849212646e-01
3.164306879043579102e+00,1.175178170204162598e+00,-1.114498615264892578e+00,1.640639543533325195e+00
-2.097740210592746735e-02,6.181200742721557617e-01,9.456776082515716553e-03,-2.777061797678470612e-02
1.260917186737060547e+00,1.295968145132064819e-01,3.937408924102783203e-01,-1.196614623069763184e+00
