0,0.01249535315117,0.0111256706670408,0.0032520459252687,0.0066249108779032
1,0.0114388639241127,0.0026905689135094,0.0012064374137938,0.0069467196274848
2,0.0006316637835634,0.0072773955396385,0.0040486522397973,7.449924657620954e-05
3,0.0178279554896771,0.0282101461418911,0.0077579581784927,0.0073822131755569
4,0.0211146599494096,0.0196424973997935,0.0092375534602844,0.0114992228730415
5,0.0011771631730148,0.0020964368265277,0.0013478802232107,0.0049664408162293
6,0.0097867120977586,0.015994993002808,0.0104193820731115,0.0098936789983081
7,0.0044860498144743,0.0056583393622871,0.0016489893198396,0.0061387034274229
8,0.0043265680734458,0.0019768321781832,0.0036563112031089,0.0128304208550904
9,0.016764488139966,0.0076193464472202,0.0105606933933,0.0166192822608977
10,0.0098235883009056,0.0052409032220559,0.0057951337621808,0.0020559611476347
11,0.0089123972338471,0.0039128054392723,0.0073429738317987,0.0095349417452901
12,0.0109634360402495,0.0109689763544542,0.0113180542669351,0.0059386644155825
13,0.0703926967374055,0.0149611767194501,0.0134096295405647,0.0267142637449619
14,0.0154966550157826,0.0286280592024823,0.0078645420564704,0.0074609812178056
15,0.0176100776559593,0.008204359901522,0.0064492280331336,0.0034482792789161
16,0.0105949236420421,0.0019668655380531,0.0147763502046984,0.006240826591604
17,0.0046863460152177,0.0096782387360008,0.0002429926698397,0.0030844689210027
18,0.0101114791462695,0.015782429712261,0.0069674640712467,0.0051017052477746
19,0.0083428998586958,0.0101245630529032,0.0186836683833462,0.0226165336802672
20,0.0300357230445271,0.0393587131880002,0.0275574953544577,0.0233643732980812
21,0.0029723672269561,0.0096463770518058,0.001194527875528,0.0020600679518025
22,0.004512068741362,0.0010998254327239,0.0091475551630733,0.0021428435231714
23,0.000776906697502,0.0002536461649622,0.0025142890250933,0.0002131060210519
24,0.0099742238053917,0.0294427548167002,0.0186492923755343,0.0405716020769464
25,0.0076540748723079,0.0098849432458747,0.0019613414890677,0.0091568108381014
26,0.0161238880775602,0.0207722651835595,0.0091732741852652,0.0197876278774078
27,0.0015368709308596,0.0339954587847461,0.0090281955950128,6.733893371446698e-05
28,0.014200483123675,0.013443728645198,0.0027362570910547,0.0097754908251914
29,0.0242016363460244,0.0338360709567142,0.0103706566661916,0.0264493302332038
30,0.0104575880189337,0.0209175483389447,0.0123260874066239,0.0068270234210192
31,0.0221693680333743,0.0005584065214607,0.0067358880978929,0.0016796395322042
32,0.0163863399928168,0.0371667117944394,0.0203446724966891,0.0054948643658061
33,0.0145119027707867,0.0164710177914066,0.0086102575078523,0.008014662422159
34,0.0039430500156534,0.0054252566450641,0.011800767732387,0.0152115296396546
35,0.0135257351910365,0.0210914524351268,0.0326510349843012,0.0050367835979443
36,0.0014080296359804,0.0228640909447896,0.0043284457059726,0.0040673369177355
37,0.0018254676291107,0.0027022936644574,0.0039981032593416,0.0137749454204101
38,0.023406426386316,0.0026176735659753,0.0010279381931024,0.0179960237144047
39,0.0086342274493267,0.0090164545259403,0.0164554449570575,0.0064078138002745
40,0.0108496841836087,0.0007840063122088,0.0029377924182067,0.0032338068496029
41,0.024564906824283,0.0194926133430692,0.0078734210881012,0.0031821222040466
42,0.0122317471478137,0.0005683864333381,0.0012575434046837,0.0022492340850952
43,0.0069437217651948,0.0078969928081669,0.008967362148688,0.0132111960083651
44,0.0051746592711836,0.0060497855136194,0.0056735466479747,0.0023572772572464
45,0.0078842454242735,0.002625765230114,0.0006174764817536,0.0025737964661161
46,0.0036205664097135,0.0087350782183612,0.0078738592713634,0.0071990524769773
47,0.0097781899816347,0.0164819209367736,0.0191383307054122,0.0036997413441328
48,0.0060747969139978,0.0097379576050178,0.0074909547542016,0.009553301582903
49,0.0144829891939117,0.0245728393344855,0.0191284949414285,0.0129590277389795
50,0.0362263490153491,0.0739031066744457,0.0278301253167008,0.0189715192276391
51,0.006908025831505,0.0155445213700389,0.0039507581174849,0.0098236451506767
52,0.0387206226092278,0.0150727684772871,0.0211481586045607,0.0287070702724303
53,0.0057959590653302,0.0005124263499265,0.0006719214621577,0.0001506137513196
54,0.0080551793340806,0.0093911945306803,0.0054850477055587,0.009006431148089
55,0.032294069899347,0.0120886356354388,0.0066789351562999,0.0210813804913065
56,0.0072608777880436,0.0080483331828284,0.0030487212937533,0.0108019330328144
57,0.0171900082693774,0.0214980464206862,0.0177671575355056,0.0107995170637043
58,0.0186319625561051,0.0033400762289286,0.0049907188056508,0.0170902130263073
59,0.0041627192276205,0.0202412469136579,0.0075226035716156,0.0111614665122186
60,0.0041531604849662,0.0042371064248012,0.0104749086489039,0.0044309862309379
61,0.0004600629070612,0.0067951199237947,0.0011830687032556,0.0005651226715635
62,0.0353847682704238,0.0397331176224113,0.0212065791811575,0.0142592970612849
63,0.0021142971622234,0.0148780640261785,0.0126585454247951,0.0030612772635656
64,0.0195213436547216,0.0055725912477919,0.0140420251698945,0.0047352157270879
65,0.0038317422910818,0.0021881903403242,0.0078900475710703,0.0141385006715157
66,0.015178610217994,0.023788298800274,0.0074940411550858,0.0036619345330528
67,0.0046095118531894,0.0050929065095566,0.0091950946239833,0.0062894450639205
68,0.0076583123146587,0.0024243475016145,0.005637173190184,0.0078782655384674
69,0.0081091487492583,0.0039801047566268,0.0027749513724169,0.0032455016510688
70,0.0091262774801261,0.0212351178283718,0.0134296772320858,0.0089726164186441
71,0.0034204009820992,0.0084303739306399,2.472101528283588e-05,0.0016082246837392
72,0.0107469747954365,0.0142264346124907,0.0014367015913556,0.0068550197114305
73,0.0046043845257415,0.0052483269337724,0.0031719260055531,0.0105959752537447
74,0.0129811048944201,0.0368848439813351,0.0129635371032463,0.003617478306273
75,0.0104242621636583,0.0016380951306143,0.0024157821355004,0.0109361046586204
76,0.015722781237363,0.0045645163148329,0.0102978246925378,0.0117791310819388
77,0.001176361464326,0.0047534028734386,0.0030836141787844,0.0080312412839607
78,0.0008487128821146,0.0073889026431261,0.0099619053377217,0.0127354204653622
79,0.0023858706272772,0.009852296443011,0.0085139216870011,0.0065277934026308
80,0.0091545668252699,0.0054418683922889,0.005376941044954,0.00762672597142
81,0.0019227077640202,0.002961024109064,0.0020383557939265,0.0089329655095529
82,0.0337373159031297,0.0400459450251062,0.0156219232194594,0.0199919062806674
83,0.0231165589473132,0.0371957565753584,0.01163192751949,0.0127667481873956
84,0.0052194529617093,0.0017964076687242,0.003762555635717,0.0074661015199186
85,0.0159553888623253,0.0182488923652774,0.0064487570220084,0.0064081372252662
86,0.0287193295026471,0.0363559421739294,0.0355517804536678,0.044382961133131
87,0.0016053264727116,0.0017264641810985,0.0010326617841283,0.0047444686492141
88,0.000976467219468,0.0135655279921689,0.0165057179780454,0.0071379850084749
89,0.0049378035167793,0.003703084521156,0.0026831055674083,0.0023834248010743
90,0.0023134518952652,0.0032667380727371,0.0089052556945539,0.0025130151441015
91,0.0082470098533473,0.0008161781499156,0.0004581513764421,0.0036481799582386
92,0.0287997682109377,0.0147147596676528,0.0118316948549299,0.0233191501407059
93,0.0012063767081347,0.0034542348680872,0.000591578308696,0.0026354816769913
94,0.0099650835561035,0.0094554902553767,0.000399183791865,0.0173285846426658
95,0.0086874294964465,0.0026155202356035,0.004650357156791,0.0029002695928763
96,0.0195208756888565,0.0174073648512482,0.0037225231998423,0.0086450887106401
97,0.0118464596213279,0.0069539526997814,0.0030367517590637,0.0039168091853607
98,0.0072614560957191,0.0045819164863445,0.0011040837969709,0.0055238596162983
99,0.0109577573004706,0.0055926510937851,0.0039932524118082,0.0060527067782203
100,0.0088577925016917,0.013181122614716,0.0003562554570422,0.0011291063617964
101,0.0205893241641899,0.0059304423233133,0.0154132899582712,0.0190815018274932
102,0.0081704637193098,0.0025544618929291,0.0071902084186543,0.0042478739134725
103,0.0279309777232281,0.0263753101706667,0.018139075972039,0.0244266134209034
104,0.0063848528794379,0.0060589554677363,0.0164480646256839,0.0092470936327968
105,0.0689410942326871,0.0459383095964787,0.0436314142484235,0.0585817464344016
106,0.0017388378838969,0.0135058540088071,0.00812942295987,0.0099036685874036
107,0.0487467509046783,0.0011026162244682,0.0291753002534953,0.0327088645826325
108,0.0070335416149953,0.003346883353708,0.0033367587427584,0.0198459945463236
109,0.021322667388997,0.0106436787899495,0.007038930647937,0.0212259856502416
110,0.0072793770029013,0.0112995552539327,0.0105266853794674,0.0024795450343306
111,0.004767685798777,0.0272543934193656,0.0172884038413254,0.0128273834890766
112,0.0044326317874254,0.0063446231579042,0.0067299545317638,0.0002850769473816
113,0.0024496170806305,0.0002449479497856,0.0012380418013524,0.0124435720919633
114,0.0165889137347985,0.0054056381146443,0.0040346746098425,0.00920902999062
115,0.0130973226417019,0.0094209854740343,0.0082007617326205,0.0032472402165044
116,0.0191768752239767,0.0137834881786433,0.0036747618816725,0.0109837844838658
117,0.0043820871018143,0.002682764855181,0.0021706012753908,0.0014295928095942
118,0.0118519199436075,0.0054608051409887,0.0082358324551012,0.0091254856381564
119,0.0036200568991713,0.0065779824212146,0.0056937868192949,0.011242619480317
120,0.003825467904905,0.0010770060276374,0.0058163853214399,0.0049332545921618
121,0.0037880359622066,0.0025495436223188,0.0038641562438019,0.0043092715880979
122,0.0054829418914552,0.0087500640266542,0.0011870475200606,0.0107611044940547
123,0.0182326655685969,0.0032598094714639,0.0001247116045757,0.0049234123825518
124,0.0504676376595369,0.0675242248029652,0.0398487701770839,0.049404816443209
125,0.0039693339221784,0.0002555847046465,0.008021081703351,0.007033324915552
126,0.0105223043846507,0.0045611880577389,0.0063737727898285,0.0065756481397585
127,0.0453087994675396,0.0339754244051118,0.0104691104270919,0.0158914852370752
128,0.0013276436279197,0.0037243990909825,0.0065638874739288,0.0009199028180075
129,0.0134305770466323,0.0031897953681001,0.0080295467348339,0.0144179429272215
130,0.0023346573656848,0.0150622706257292,0.010787239193613,0.0116840258390533
131,0.0328116734422838,0.0194562685650891,0.0215941414076894,0.0281031364593111
132,0.0025580495504176,0.0038495414072983,0.0037021109581782,0.0081740767977986
133,0.0481649966472055,0.0404393529710294,0.0317393372094105,0.0477945628805986
134,0.0264059793780404,0.0306108613594258,0.0372192444141052,0.0215084157126792
135,0.0030971192074709,0.0033370442535769,0.0058274492877608,0.0063609822380339
136,0.0286840990085845,0.0036216836081193,0.0075029765850338,0.0204844022315509
137,0.0230813187578782,0.018031085476232,0.0090065716419047,0.0121064502627383
138,0.011167886999166,0.0050619482473628,0.0051617482635162,0.0023070790202908
139,0.0078461677939554,0.0162230225080648,0.002274715955135,0.0016719130629319
140,0.0075925464624955,0.0002737368399223,0.0019421331041034,0.0043123158085709
141,0.008953003120169,0.0047555223399697,0.0006402785529253,0.0073910484066264
142,0.0276098712624275,0.0043906967114537,0.0048318594123664,0.0033379122097656
143,0.0192683875273793,0.0305374753402745,0.0047543088386703,0.0050922106795994
144,0.0040316095294405,0.0006600082403878,0.0049656168809253,0.0024164834681048
145,0.0239132466612446,0.0145777675185243,0.01436921962142,0.0103272717007847
146,0.0016447166154627,0.0090685943424269,0.0088999358798549,0.0071684894786123
147,0.01362354033437,0.0283996384292404,0.0075561335054601,0.0050682740187699
148,0.0041843354450215,0.0395624314507312,0.0006381801979102,0.0136641295348916
149,0.0061894393552117,0.0027863949164235,6.740944056993214e-05,0.0129933562276205
150,0.0014299483303252,0.0041333341619091,0.0005037642489895,0.0005293205915863
151,0.0075015510940801,0.0038491429730909,0.0033233215234709,0.0045994636799218
152,0.0086487395312673,0.0229716491513976,0.0160527134730799,0.0105637396587958
153,0.0312800361808101,0.0267012660301322,0.0107260235577708,0.0062006832298973
154,0.0012171209833038,0.03749918601721,0.0245981442753375,0.0163640015172958
155,0.0706727123535841,0.0421569714179899,0.0170933596916427,0.0319676746453971
156,0.0174729245587386,0.0092778047531822,0.0052444658920514,0.0167768447892147
157,0.027612812207244,0.0126491427518651,0.016394975374494,0.0346989430135398
158,0.0599963314909395,0.0244382668035196,0.0128569587941242,0.0334452443879751
159,0.0261659436668839,0.0130448493171044,0.0158966431575624,0.0206694035948551
160,0.0172978884315,0.0282645232994251,0.0056120266502457,0.0073895435299249
161,0.0095159255100183,0.0023367529781408,0.0059899539002135,0.0068776937988737
162,0.0041738944964926,0.0108665638908389,0.0068274810317845,0.0189207008671239
163,0.0041838179692943,0.0071315902544091,0.0083376633743075,0.0076297705330272
164,0.0017870111417748,0.004822407082698,0.0031960097716883,0.0050089817647434
165,0.0249310163802967,0.0270534016830596,0.0227112077412847,0.0234512113146081
166,0.0251811034643942,0.0020835503226299,0.0016190998151426,0.0121476283747057
167,0.0071663339466159,0.0027000582421079,0.0003570364317599,0.0047093805945248
168,0.0067905235393794,0.005805994848445,0.0087634763798796,0.0120791567234821
169,0.0067383413798349,0.0026688032920798,0.0017616287944459,0.0016006405978457
170,0.0073060575339907,0.003040029363734,0.0020619340350638,0.0032382449268926
171,0.0042385552167818,0.0072562676664391,0.0003388490459936,0.0058537592370075
172,0.0191898650612909,0.0006447871777002,0.0041572631575643,0.0051323711980462
173,0.0147018974912462,0.0198704751781582,0.0229459080490652,0.016204302337055
174,0.0046112419212382,0.0066845168687228,0.0017360517709494,0.0006992735609916
175,0.0139998418609987,0.0119456215281701,0.0014694015158855,0.0100505254711062
176,0.0223348178849782,0.029581876532994,0.0130145447758902,0.0043255836490452
177,0.0009499383254478,0.0092927875754593,0.0043168423628001,0.0407873018109246
178,0.0155283557445802,0.017700093657277,0.0014219012276779,0.0025857659927623
179,0.0043616246782116,0.0298193683367173,0.0453557017207968,0.0001719542605904
180,0.0357061911057785,0.0222611189595065,0.0152902425540712,0.0172864028154151
181,0.028503942284292,0.0156638279704166,0.0106612686880733,0.025465254879915
182,0.0069844289668878,0.000942051063971,0.0020843173174185,0.0113783325082508
183,0.0001237291981865,0.0077103236220947,0.0048808833306992,0.0041715642289936
184,0.0025727311411554,0.0040588307368416,0.0076660703513304,0.0055659984238722
185,0.0071238860275268,0.0093571987535412,0.0059155008813611,0.0034323667426319
186,0.0092550571931369,0.0032971511805293,0.0101763700096757,0.0052542475425063
187,0.0011195075336596,0.002052804350372,0.0068731852382697,0.0036572567039678
188,0.0192220030244705,0.0083884960901334,0.003834846179668,0.0115333848449807
189,0.0003712247808653,0.011727387343976,0.0177624652476122,0.0010536714837208
190,0.006780976211953,0.0017395532751205,0.0026117229658737,0.0062685881257866
191,0.0062982274104452,0.0284712696403337,0.0214593581217492,0.0159063229517215
192,0.010968598212214,0.0120943500016945,0.0117802964089843,0.0040342585638271
193,0.002461147042414,0.0002455180689082,0.00098322859772,0.0030033845713486
194,0.0070092944374557,0.0030886273298369,0.0013985706413279,0.0033093618871831
195,0.005981981602396,0.0083543386890259,0.0005202632562895,0.0111883725098085
196,0.004275341659758,0.0130763496708343,0.0064345944758414,0.0072313904993439
197,0.012269845122697,0.0186351727868725,0.0065981937702925,0.0034997372880205
198,0.0050057863481107,0.0030911925696726,0.0096926444131408,0.0132745312086957
199,0.0159746451003552,0.0123721458337975,0.0112177688239469,0.0150596743621758
200,0.0108377094379417,0.006319541089736,0.0019171124347288,0.0043637347846754
201,0.0110911372787345,0.0064070907317645,0.0078193087966926,0.0107358836291879
202,0.0012082070549759,0.0121005992205578,0.0063580833793874,0.0037470944505226
203,0.0149736926142285,0.0009757715944225,0.0036595565660739,0.0029790403101532
204,0.011782664508785,0.0048825627943678,0.0075809250243263,0.0174281162682969
205,0.0087133830462242,0.0005260949979106,0.0049371841800773,0.0036161664437965
206,0.0030277124425932,0.0028073008210203,0.0055483280137815,0.0055086606994549
207,0.0130288939961209,0.005570819610952,0.0039572593086205,0.001529713310834
208,0.0347734161826416,0.0286522123916732,0.0132910302583617,0.0114677966540188
209,0.0127566703587049,0.0203090388992119,0.0177840673116609,0.0138700702674441
210,0.0012289384166939,0.0110065500389433,0.0055368845277445,0.0001492871541177
211,0.0034095566091174,0.0105012092458354,0.0057752995526758,0.0084354934265711
212,0.0131047022973067,0.0068744342636044,0.000605433564722,0.0053462801514108
213,0.0113798226149235,0.0049443421621244,0.0078777903907418,0.010371252371101
214,0.0078515969399539,0.0066240256554728,0.0122427273116993,0.0217626660131688
215,0.0145460092105214,0.0265438190771911,0.0100705150043207,0.0178082929296614
216,0.0142179677585243,0.008008809577463,0.0087209481270225,0.0073341345750197
217,0.0094177434419719,0.0129410080722767,0.0170271873840892,0.0111642710962662
218,0.0108590148033957,0.0116238521527112,0.0037868353672543,0.013544457945958
219,0.0191038798334632,0.005295281165722,0.0075290969162526,0.0117687900457852
220,0.0158596335012681,0.0079236768270902,0.0102372449328331,0.0115745796408237
221,0.0076381119722341,0.0221281088150995,0.0040302119087218,0.0035384183466575
222,0.0011416829645165,0.0003619909541789,0.0003082827902431,0.0057182753760685
223,0.0075973774739406,0.0017673053200839,0.0033713665962604,0.0065865543568071
224,0.0066123915540208,0.0036091815409182,0.0015142664633689,0.0058796727899057
225,0.0121881269698755,0.0025974628265377,0.0027632397978116,0.0055367720651329
226,0.0008628640284307,0.0093861926299849,0.0164309101176396,0.0071514091070792
227,0.0081740731987993,0.0274679843240051,0.0128148896776298,0.0128477874832793
228,0.0202337523198004,0.0218561085392998,0.0205755566312628,0.0193751229688885
229,0.025744629898412,0.0278111212253246,0.0215145935513145,0.0194728533336423
230,0.0179850034748074,0.0303531109846311,0.0109473968660989,0.0106047346351321
231,0.0056097804444554,0.0036067525373466,0.0044263817977245,0.0051632294395336
232,0.0196948447711315,0.0149471774569533,0.0106426310908034,0.0122621387875101
233,0.0018038917402867,0.0028039273327333,0.0034602477025922,0.0225192308869743
234,0.0132866329002698,0.0372558828221061,0.011635256058609,0.0117000824866941
235,0.0050518586569188,0.0048082794885369,0.0016331251206285,0.0069196906846524
236,0.0277649034184914,0.036643010808711,0.041210917437958,0.0400207820476836
237,0.0027215838263217,0.0044809634350357,0.0052312988403606,0.0101412835758729
238,0.0054087996878386,0.0228405609100015,0.010583010860218,0.0047119197381224
239,0.0135579862784105,0.0135861114817537,0.002358949972665,0.0125440740679394
240,0.012656885381193,0.0027874582508529,0.0002420781847503,0.0197487369937272
241,0.0708280767585343,0.0443431083131695,0.0341335050502564,0.0587050035794085
242,0.0121767105752548,0.0210076541247303,0.0259396919842487,0.0052720890330997
243,0.0221765306352459,0.0574871239282455,0.0214553109244306,0.0037956918710229
244,0.0141396227304078,0.0112444093881922,0.0054350287487174,0.0141970066276453
245,0.0216481499942489,0.0079973437828222,0.0111398399651676,0.0190017271942544
246,0.0122734207221704,0.0025920180401239,0.0063197497128193,0.0160801912287054
247,0.0115480410135386,0.012299476939301,0.0162268177603479,0.0190004337358171
248,0.0010374521108955,0.005060739545831,0.0024988857269381,0.0037468480749085
249,0.0103121575161413,0.0106560093333936,0.0129318593352323,0.009476913727763
250,0.0036012315832447,0.0038352926352889,0.0027447676880996,0.0013163254217101
251,0.0010283952228986,0.0027093316982975,0.0069261355431233,0.0006981572607154
252,0.0203402400434331,0.0112411422236542,0.0015499180483686,0.0144662125283048
253,0.010711329382536,0.0518362953318165,0.0224021422069355,0.0197875678773602
254,0.015177383513941,0.0054200674693385,0.0005256110349129,0.012093906085357
255,0.0147737941309422,0.0134409218738698,0.0134016756550323,0.02530916012096
256,0.009519437262357,0.0033772406297858,0.0042606826894457,0.002323926230491
257,0.0061138145274934,0.0033726844786396,0.0016064058084879,0.0093125844202388
258,0.0180065688386168,0.0079175859024118,0.0041127329454777,0.0037800299302084
259,0.0089805146611237,0.0025157245972469,0.0131692403484047,0.0014292784578167
260,0.0082713223608124,0.0034730626509356,0.0099751597627442,0.0077651147735107
261,0.0158308310645267,0.0101187887536156,0.0052286114933739,0.009276696518361
262,0.0054524346425548,0.0073529743052587,0.0001036247059502,0.0053673087686405
263,0.0189868303422766,0.0041020356056273,0.0178344070000147,0.0164717959174627
264,0.0107031839263047,0.024508885413903,0.0070847219463168,0.0118344576470033
265,0.0064977486575203,0.0009975063171259,0.0008399916494745,0.0027902668855031
266,0.014510057042008,0.002579577403373,0.0141880256537731,0.006754680617039
267,0.0128141690354954,0.0079766442613582,0.0126715694761587,0.0128588014447936
268,0.0197124245042594,0.0006999965972287,0.0092709009388141,0.0142897257388767
269,0.0107434771354224,0.0197496663291953,0.0214979019888552,0.0157117654122167
270,0.020243360142949,0.0208342022875527,0.0032946033466689,0.0124849812149143
271,0.0131636122873857,0.0098146519252964,0.0002217432078133,0.007018093073615
272,0.0194758220604036,0.0337401330518627,0.0194274225069275,0.0173112943140694
273,0.0192534478225985,0.009528012843555,0.0077860874188022,0.0162520676980246
274,0.0010440963201059,0.0022013880281388,0.0015473510120322,0.0013966482717204
275,0.0058329300994586,0.0100325016008095,0.0049697235570747,0.004123806922319
276,0.0018964046268266,0.0107570880847251,0.0078129403588214,0.0043469114035712
277,0.0023589927839431,0.0004401135820444,0.0079235337786691,0.0084476036176628
278,0.0129283025458386,0.0089976382769645,0.0105581890402088,0.0038910554929669
279,0.0003695331571371,0.0129429592356409,0.0101909192425111,0.0079242134753449
280,0.0117608444690695,0.0239515058618042,0.0101224997241669,0.0040983166640931
281,0.0275464941461631,0.0081852771851735,0.0084284596284227,0.028526350894662
282,0.0419548491686345,0.0257501035920801,0.0169780979956613,0.0274032543805144
283,0.0041298374500193,0.0074482627884435,0.0055745575460495,0.0127688820708549
284,0.0115255940568168,0.0083416418914579,0.000680425924104,0.0045551562292978
285,0.0036081082718046,0.0090619851548208,0.0160610481154934,0.0065839105864595
286,0.0067556120430181,0.0008756567985095,0.0025026851053571,0.0088195671644655
287,0.0141826251654242,0.0023573458258701,0.001842131993806,0.0184338260714405
288,0.0050444612917281,0.0260386019246414,0.0330703232596345,0.0107951716373762
289,0.0224313398362685,0.0148541157640726,0.0053517575460588,0.0158690570818063
290,0.0043394435666321,0.0109269409996635,0.0171383966455458,0.0052773729393802
291,0.0073952700123616,0.0071744456062443,0.0004976178799154,0.0072433282188359
292,0.0006335332890188,0.0148111030130948,0.0009634879160245,0.0011562574991099
293,0.0130812752196884,0.0342132782509896,0.0342019217633211,0.0190456245555488
294,0.0027645101013664,0.0086570333700883,0.0129125499929365,0.0043136191068811
295,0.0144774187610936,0.0027373415126588,0.0013918661601781,0.01144602595964
296,0.0033425745931179,0.0007915324737268,0.0021389387019699,0.0027751736336512
297,0.0075352329570348,0.003187253694179,0.0096928707138133,0.0028599124617683
298,0.0051443750518007,0.0020942807632176,0.0024239422664074,0.0073309225350524
299,0.005548689509899,0.0003378336497252,0.0005595045467874,0.0014583431526098
300,0.001556897492545,0.0114861387050755,0.0052606986435446,0.0016161619679433
301,0.0023889034895443,0.0079169829123406,0.0026431634691999,0.0170785608531911
302,0.027280179062961,0.0036429912785003,0.0066029980966195,0.0037958712806736
303,0.0029027387729083,0.0123525395867272,0.0027725923194434,0.0009785871383733
304,0.0039185003117294,0.0265549326344478,0.0143597669137953,0.009018672262286
305,0.0123470853061062,0.0165037268306864,0.0203978051461355,0.0135137191667231
306,0.0029465131622288,0.0159592044093184,0.0200897484609594,0.0039076181949777
307,0.0065549487543457,0.0042906191864364,0.0151230533545447,0.008596460081506
308,0.0200043852418199,0.0082607170073663,0.0026314854174529,0.0012070007500346
309,0.0018100351497158,0.0080949895918163,0.0043931048328786,0.0063815726752647
310,0.010466023420582,0.0116085038489428,0.0118877577831586,0.009445733027924
311,0.0088511088164207,0.0136731263975455,0.006486938037316,0.0044216001630452
312,0.0144039856746953,0.0145216810186123,0.0075102763888548,0.0152543222240435
313,0.0053586280900574,0.0054232196199857,0.0063204625359265,0.0106543577540438
314,0.0039339153801751,0.0052604013991803,0.004682839809007,0.006289328907564
315,0.0092604167232916,0.0066726125652047,0.0040694753320345,0.0115872231438185
316,0.0190332635629317,0.0124873222052217,0.0101330170229694,0.0078203212798779
317,0.0062004939069648,0.0096721605167502,0.004000258609242,0.0069438982825325
318,0.001542877225523,0.0006714567656782,0.0014597957074986,0.0041723585520276
319,0.0179074691780911,0.0223388250472194,0.007041552473165,0.0118303740892429
320,0.0133695189613485,0.0118552431304213,0.0005404918607396,0.0224632501193573
321,0.0133006983053789,0.0426395415895068,0.021520094263824,0.0142291233413818
322,0.0101929275468855,0.00374366410424,0.0006634844384318,0.0037629558727925
323,0.0024630554323969,0.0077180727865888,0.0143273253030375,0.0032000027306713
324,0.0151741999157613,0.0162825849679801,0.0245339097892918,0.0009065361875473
325,0.0125546983930888,0.0038450485952079,0.001775967601123,0.0035796460769663
326,0.0182887786657834,0.0125305309141179,0.0012321448039358,0.0093689389589188
327,0.0007932502038512,0.0054379409634979,0.007390511815986,0.0022737043370373
328,0.017902612158883,0.0014782915841387,0.0340906316053111,0.0211081884075383
329,0.0044238962155427,0.0031662295580501,0.0011391835763099,0.0166113604842399
330,0.0021059425425828,0.0158378710327555,0.0026510830734594,0.0004037848151021
331,0.0075054667952993,0.0022581868835915,0.0112765086936761,0.0166431388230963
332,0.016516123422015,0.0147740391655624,0.0064188416210289,0.012570123612539
333,0.0049480556173691,0.0058608226369836,0.0064021343151043,0.0180352569035147
334,0.0052291833960325,0.0013919044859171,0.0072967913947881,0.0318719257470672
335,0.0256467477636217,0.0370097370922302,0.0083170834242096,0.0486665318517864
336,0.0148708678480655,0.0166993921974922,0.0045060947987973,0.0140306151952938
337,0.0128808782751121,0.0034789761887452,0.0008910252963492,0.0130432335608237
338,0.0051709394162324,0.0008752735788544,0.0010514756032771,0.0084672234920217
339,0.004158532006345,0.0241002904377989,0.0273374657776308,0.0064095178648315
340,0.028796478669756,0.0251063150999986,0.0140831812749606,0.0116129351536518
341,0.040225341185252,0.0167227977294608,0.0050384285954372,0.0120854608129956
342,0.0301291574844562,0.0105737516116874,0.0063863319238812,0.0260852195016294
343,0.0118324359238997,0.0250854756500054,0.0138344930363558,0.0099934100993905
344,0.0148568872774603,0.0093595181812933,0.0125014224719599,0.0104225738880572
345,0.0117244903175528,0.004933305826432,0.0025421519425954,0.010319071350251
346,0.0059076900484313,0.0329940228858216,0.0013287386917806,0.0274081178728913
347,0.0128177506235278,0.0039096657518555,0.0060230117194866,0.0078892175813578
348,0.0007164216953228,0.0051700394859031,0.0018948209352149,0.0024504654743164
349,0.0671290715953922,0.0885020800617351,0.0655656001330449,0.0742912720941237
350,0.0464848136355229,0.0275687657377181,0.0154289953931403,0.0303316564485136
351,0.0049062578418412,0.0086475285236815,0.0065461222970935,0.0132846476922221
352,0.0055206825435352,0.0111739232958942,0.006490991421522,0.0006857665614674
353,0.0090809196734538,0.0029201878593889,0.0062030820290512,0.0077701990681031
354,0.0369391501045237,0.0112945854272421,0.0010962129113103,0.0413990262231518
355,0.0040484589694305,0.0011774049382928,0.004136548069697,0.0100788220737086
356,0.0128816639533173,0.0100036463022448,0.0038594227873822,0.0044086111397945
357,0.0052760627383818,0.0059728083768257,0.0047944034305071,0.0071809380923335
358,0.0068296543566956,9.734593275556593e-05,0.0030293678576924,0.0121848914556395
359,0.0289151357753656,0.0114787982038917,0.0177153523328392,0.0232087416369815
360,0.0073231137467226,0.0014404035619692,0.0053276048617316,0.0005502668933212
361,0.0065892166254144,0.0019250091835578,0.0111984608528175,0.010143517838447
362,0.0096635168183052,0.0085734233202918,0.0070964081714688,0.0036520591051765
363,0.0090800463613831,0.003635266045185,0.0079815250517327,0.0127601486219246
364,0.0008908357353636,0.030620672686112,0.0179150323769832,0.0071600315584756
365,0.0085661010211186,0.0158605901966453,0.0003828919903483,0.0025614065140686
366,1.210464058232219e-05,0.0018370070294668,0.0026790740640763,0.000374778118708
367,0.0136431029523658,0.0002932121410834,0.0001601101561305,0.0077876499776836
368,0.0044097326576757,0.0163787278726612,0.0067162960146216,0.0007881773807039
369,0.0086389286645376,0.0031046283862972,1.4362450809102256e-05,0.0038705420359432
370,0.032408534263018,0.0125329956728119,0.0053176596762458,0.0139420523603153
371,0.0033067633315795,0.0038231805312687,0.0013252865592932,0.0041757955636452
372,0.0179595776164678,0.0072705438061069,0.005341079814805,0.0133038654584076
373,0.0512526731848019,0.0292761729950745,0.0112414776534688,0.022370502237365
374,0.0135966120596631,0.0260467179424317,0.0175005220862249,0.0024704681294647
375,0.004616201437571,0.0367405081471101,0.0129318978593762,0.0045121670460623
376,0.0192605595998323,0.011150029057946,0.0043991396848781,0.0109300062188602
377,0.0095044266997312,0.0019114373452682,0.0091776326159305,0.0096591071215739
378,0.0175515141924575,0.0181477117854731,0.0160257499366149,0.0086639908889711
379,0.0149569326453793,0.0033138508308443,0.0084543067897566,0.0059985866933445
380,0.0294865820860916,0.0325279016597637,0.0249382525326105,0.0253378558988064
381,0.0144942387088162,0.0057803629154991,0.0046951305762537,0.0012583601035958
382,0.008371421952388,0.0035683736542448,0.0002778502274107,0.0013233371228285
383,0.0044430412664899,0.0068698793737818,0.0037000101794877,0.0053936279873241
384,0.003191973282588,0.0130130637283256,0.0069798449068141,0.0145349807682153
385,0.0283545703167433,0.0410447656913568,0.0322752245110464,0.0235521466023556
386,0.0191744450295168,0.0019944429472609,0.0074571839965678,0.0095828201222172
387,0.0026707771396958,0.0005340454065505,8.273009311832169e-05,0.0026412749073267
388,0.0222110765781291,0.0035814912433851,0.0096891443117836,0.0088826020597885
389,0.0070804803908028,0.0015916015786592,0.00257229557746,0.0100431001990912
390,0.0048100113835793,0.0010532153294136,0.0012902034804245,0.000294776950577
391,0.0010598353392428,0.0031849165526693,0.0038378230655649,0.0003190900330203
392,0.0035153406955652,0.0070646708521913,0.0026070722141646,0.0018545712757029
393,0.0487382886000844,0.0426867370490837,0.0328244830913693,0.0134396091007165
394,0.0007384161310231,0.0086753964192691,0.005713522330847,0.0173917427118697
395,0.0237311579648391,0.003502553392944,0.0028406577570034,0.0158337428006412
396,0.0023968070367024,0.0044647677016591,0.0069258262839504,0.0146157725538964
397,0.0528784145156358,0.0280593394983839,0.0261631046279067,0.0469837299951603
398,0.0280738344029813,0.014757553591604,0.011801459753876,0.0189681664600698
399,0.0173434801635972,0.0136808184571437,0.0012593739142321,0.0116946392595229
400,0.0055605681014192,0.0031437086180439,0.0072864486703529,0.0059066828659162
401,0.0168529646133137,0.0224848488746456,0.0243247078278674,0.0210435332718148
402,0.0236654901263619,0.0135880824522356,0.0042416558746101,0.0241056963122208
403,0.0028282847136145,0.0103360093306621,0.0391508444733483,0.0021564244899527
404,0.0015708036044408,0.0040038643061919,0.0038484872550395,0.0015339680025352
405,0.0228450059266176,0.0052452159680846,0.0061691190235215,0.0080554575067584
406,0.0247841174405891,0.0303428477889502,0.0232434144685065,0.0219090674647244
407,0.0063772064029326,0.0069311767196102,0.019939862110041,0.0042842043083588
408,0.0071021326868674,0.0091017659477348,0.0022724385068073,0.0087497429439817
409,0.040756978184878,0.0145010136636214,0.0165748109680681,0.0172843809132405
410,0.0024738101822023,0.0105272314139357,0.0069898481274961,0.0115942009882417
411,0.0004927322100183,0.0036742233618838,0.0020597243400768,0.0107005712765175
412,0.0181802108244983,0.0094653374906688,0.0031150783874185,0.0116425246873639
413,0.0027318084762288,0.0095647208970381,0.0050926646636675,0.0015688280790762
414,0.098709163382626,0.0293652486675739,0.0122446143836949,0.0311950122896202
415,0.0149429258714324,0.0128338390402635,0.00932935865195,0.006933457104667
416,0.0002719580255465,0.0012638504346895,0.0013867933844036,0.0015042480452933
417,0.0254135082999074,0.0458198047609279,0.0720159150747417,0.0181593261772778
418,0.0214622443461349,0.0102565001671885,0.0235998109594284,0.0264438485494267
419,0.0101566320933663,0.0009041367352633,0.0066423190325739,0.0080971848935025
420,0.0043949536492373,0.0028065175608809,0.0074724207485807,0.0064759273549626
421,0.0178330622277069,0.0328007162603602,0.0377350493307186,0.0287366859074271
422,0.0135250164519877,0.0126261169123242,0.0018608130973429,0.0094053022157662
423,0.0126596295854284,0.0082612501033088,0.0056114435789123,0.0004542600315939
424,0.0184128988270693,0.004796172263493,0.0032831682887497,0.0157789527843501
425,0.0141702296756367,0.0034627879876474,0.0057053038537855,0.005745512659022
426,0.0207034914388017,0.0053834084837873,0.0051762986907117,0.0161581255754281
427,0.0126096153191461,0.0095591499651508,0.0183335917095757,0.0138215124379215
428,0.0187740869930568,0.0146581916791763,0.0051715307804638,0.0101893299438824
429,0.0063872941933045,0.0030876505486157,0.00376470667595,0.0044888241923555
430,0.0034686702506068,0.0055449838130527,0.0035629718319363,0.0042534804274296
431,0.0341809307504874,0.0312358902488583,0.0249122184538919,0.0266027693887291
432,0.0101928226718612,0.0329908963816221,0.006167419251998,0.0079209887913478
433,0.0026414223068904,0.0061816919469226,0.0072053660165369,0.0015547361605054
434,0.0099321587542657,0.0320984362073151,0.0109369456257724,0.0238847839529796
435,0.0073935013154642,0.0018907083663428,0.0008908391815776,0.017128025105972
436,0.0089195531847732,0.0147616391449174,0.0103749028694863,0.0165846105551992
437,0.0015919670273767,0.0057788819443125,0.0008479659667166,0.0051264157212624
438,0.0029845260753447,0.0247997368847698,0.0156632360557456,0.0043503947326843
439,0.0122572002034431,0.0078442686589514,0.0060427924070065,0.0106980256086544
440,0.010843895244422,0.0082742498389372,0.0078414713737213,0.0064375825050415
441,0.0038118215707925,0.0032048903039907,0.0037502544052134,0.0008703495191717
442,0.0050801325975857,0.0221548668785755,0.0050961426020084,0.0017468672557816
443,0.0360108715132323,0.0230856088382216,0.0237827836408399,0.0264478300855302
444,0.012850049591341,0.0034580291166674,0.0031717484049806,0.0033293728732877
445,0.0031362180456238,0.0029239461918315,0.0070840722449627,0.0001024977073775
446,0.0155280946428462,0.0287545846537042,0.0257823633894851,0.0011069967998533
447,0.0270837430006007,0.0232073678435824,0.018516426348464,0.0122745142084337
448,0.0087391238810727,0.0112027815805983,0.0207127960677624,0.0109024900026906
449,0.0085181883739142,0.0158009183805702,0.0069357904659401,0.0067015053237966
450,0.0021243641375932,0.0038761993081646,0.0093506165445678,0.0043806444667922
451,0.0002946378931643,0.0133909621424637,0.0068687277963483,0.0075230385095164
452,0.021450348718373,0.0128107779369903,0.0033264823063259,0.0145775576385656
453,0.0231319504088958,0.0128066083592237,0.0105233728888443,0.0217339847119699
454,0.0172436095992409,0.0093748916212605,0.0041225674903806,0.0089099582619827
455,0.015026703255117,0.0098084896999335,0.0183250203879552,0.011335596727072
456,0.023393103992813,0.0512456718499594,0.066162773217222,0.0178416283864937
457,0.0116611490899405,0.010983948497329,0.0117937166497394,0.002739877871603
458,0.0203942485499615,0.0198349119174032,0.0058787676962097,0.0239558814294325
459,0.0125540578534906,0.0095950752874616,0.0106485756682097,0.0067690964014666
460,0.0105724025197364,0.0070321946259594,0.0068627908918532,0.0131415131127088
461,0.0054640764340021,0.0126772162120785,0.0082571920900367,0.0041572444649649
462,0.0082923670203634,0.0077611285304639,0.008047749928254,0.0183700534384172
463,0.0132060655822296,0.0051620418611975,0.0011370487279087,0.0090667671558328
464,0.0204395354801771,0.025053410406179,0.0096196528837193,0.0042834525077957
465,0.0009580974960741,0.0175845107574996,0.0031302894630975,0.0075213363333492
466,0.0018041500333199,0.0006682258852057,0.0008131426728255,0.0139597269099631
467,0.0173634435344354,0.0034865468388307,0.0072520361188104,0.0137573650019238
468,0.0057295811948332,0.0206104626210557,0.0056227084103781,0.0111702318675472
469,0.0105346812457156,0.016120457070075,0.0013540842649568,0.00930375408835
470,0.0134766202356733,0.0064464365063194,0.002090615169795,0.0022150365677262
471,0.0181353979913936,0.0167252712655265,0.0060363058670969,0.0174207575436931
472,0.005232329915275,0.0027921258880017,0.0047985965245267,0.0071466045713375
473,0.0022408470811852,0.0014883510675813,0.0012987831914319,0.0078198344327073
474,0.0058424156630536,0.0066564393614712,0.0049917913620536,0.0068333658263384
475,0.0045108964273641,0.0169491414720157,0.0142512011478412,0.0015534806379431
476,0.0068825933829357,0.0045646757593038,0.0047490941953327,0.0028635574091175
477,0.0278238120400189,0.0190418509204981,0.0280317214061902,0.0278987174714977
478,0.0047291133680067,0.0021969983205423,0.0078987992192427,0.0118454096498501
479,0.0380660823339926,0.0221831028624128,0.0091925896434545,0.0189832531968754
480,0.0067549567849933,0.0146941419392208,0.0126615699262044,0.0223436627117905
481,0.0038099044573378,0.0119934022220737,0.0116408058915915,0.0098862089334854
482,0.007977472018025,0.00904437880666,0.0011898937892462,0.0015242849206442
483,0.0030894417240734,0.0057422726642144,0.0003578522561369,0.0031682566849404
484,0.0014627905332789,0.0038358313238706,0.0001233146992687,0.0186866751373946
485,0.0178895647507744,0.0072842760726974,0.0060641909305729,0.0008783487609056
486,0.0105204818382134,0.0423230951850328,0.0454605592383661,0.0124384856335062
487,0.0089612363956472,0.0060025482374088,0.0052699326106591,0.0099659671168002
488,0.002253868385738,0.008014614849654,0.0030021454961266,0.0045892691836408
489,0.0075473468917977,0.007916023332978,0.0134256364321672,0.0084948195489626
490,0.0121004572466869,0.0127887422891266,0.0120076753416586,0.0214634808194471
491,0.0364729684315019,0.016867265032701,0.0103888835483658,0.0229894820059364
492,0.0383094891060782,0.0289093202773651,0.0186606209800093,0.0135177669470749
493,0.0591475660878533,0.0379339383138344,0.0264062569142531,0.0355263364641373
494,0.0014690928170519,0.0035664215217829,0.0010115733220672,0.0109951629955711
495,0.0121024289837947,0.0299372359125733,0.0151612783450385,0.0047203883828785
496,0.0431179861912101,0.0208394093881976,0.0130074720039257,0.0160520797570473
497,0.0094387871426402,0.0016154333718843,0.0008690013800229,0.0051521699248908
498,0.0030760650653407,0.0003296522198965,0.0023115469095644,0.0088746044334744
499,0.022716456793459,0.0066287389255244,0.0145830709259833,0.0058153539163772
500,0.0072169759157389,0.0068186084332282,0.0012718160544249,0.0040966355473788
501,0.000543133895853,0.0029776696939247,0.0052795574102573,0.0015723273679526
502,0.0067771688175586,0.0147564625593359,0.0063368950189914,0.0035598743095928
503,0.0345749154332839,0.0137048282066327,0.0181549370603697,0.018731508739231
504,0.004739733772114,0.003599893967344,0.0034253960302841,0.0105763205769804
505,0.0001965988406995,0.0102786947694628,0.0068527072890534,0.0092871467844179
506,0.0001034246056388,0.0032320229965456,0.0106848580090268,0.0012536563785179
507,0.0170772608181923,0.0021320286029276,0.0009627346853378,0.0050630155249145
508,0.0141958334828835,0.0068033249917309,0.0058000837185261,0.0025946055585617
509,0.0085321906785917,0.0147474723559657,0.0089013797492754,0.0132519413992771
510,0.0102162158341645,0.0125553364947537,0.0027080782129278,0.0075319246532679
511,0.0074141063031545,0.0048254061884911,0.0045238215222518,0.0114072061139696
512,0.0072656800482135,0.0025795139409519,0.0050762129965633,0.0040213704629934
513,0.0254013657208354,0.0038829377433957,0.0054649504488271,0.0093533020191411
514,0.0031409233964456,0.0008666675248729,0.0054232162098326,0.0086855700200825
515,8.084646250594574e-05,0.0125712520580272,0.0094259766178073,0.0120022015727663
516,0.0011824968051072,0.0248907224200607,0.0163882618019926,0.012547301498909
517,0.0294076393197944,0.003015975775356,0.0052335281168911,0.0254513178000319
518,0.0039885286728651,0.0177773963996417,0.0077231414495813,0.0067497401651479
519,0.0156619179601928,0.0088894914912138,0.003419491704216,0.0156688817781418
520,0.0122188911902121,0.0169187725646668,0.0053276658097463,0.0012177256675336
521,0.0107238421405462,0.0027132999210817,0.0005184543745677,0.006907346382583
522,0.0103420411657673,0.0124465369587607,0.0021323238122601,0.0063243413449853
523,0.0144064757042237,0.0112907450912445,0.0055624412135806,0.0113640849351632
524,0.0122472657108776,0.0168503869892786,0.0005233305290133,0.0101718662076821
525,0.0020898649194585,0.0108206646407165,0.0039637771663008,0.0049390207413404
526,0.0054266906499496,0.0043535480718386,0.0027144388976605,0.0018207838188804
527,0.0033393860433683,0.0174963765200883,0.0045001577771088,0.0015272356924338
528,0.0188701253334411,0.0176501373455666,0.0105125202275164,0.0240850221571804
529,0.0338930391375527,0.0392489935612738,0.030011657414235,0.0315390805203144
530,0.0056367310827472,0.0009192852157031,0.0032954827599116,0.0041565185944421
531,0.0074884417279967,0.0114193836922549,0.0032520020697948,0.0042770262681859
532,0.034199324439589,0.0131545066710438,0.010597092649661,0.0184999987349865
533,0.0183972147274857,0.0192760734438834,0.0061817370641321,0.0138434221687013
534,0.0044375180832609,0.0062903260195419,0.004250265595397,0.0085219677821264
535,0.0096982452372564,0.0106681225121105,0.0147881819485977,0.0069282481273003
536,0.0085418003284392,0.0307371663692244,0.0055904714139778,0.0018537591012801
537,0.0100358114197742,0.0137253107153139,0.0036744844962743,0.0045594580461862
538,0.0101236805884212,0.0115261269790662,0.0120672443847134,0.007180924085782
539,0.0055737849218591,0.0270932906555261,0.0178846731333557,0.0035725923026284
540,0.0276573102345327,0.0054085376926504,0.0034501903262533,0.0155685342269649
541,0.0128063357899961,0.0106209843813616,0.0046905999028421,0.0002830455722264
542,0.0165995280622119,0.003932530184957,0.0065924849885892,0.0001328815363059
543,0.0088574538340608,0.0156661167443994,0.0123636454427131,0.0176741435204634
544,0.0306458777498264,0.0341078124747928,0.0451092347863077,0.0260807931328255
545,0.0103835526250772,0.0069686693160937,0.0012191971391182,0.0079803984001936
546,0.0293383341877575,0.0137976917017805,0.0103997719634048,0.0040094101476899
547,0.0223498647718312,0.0416905415778181,0.0214630132403499,0.0127719031066959
548,0.0007432885126412,0.0049156054778709,0.0029223935130211,0.0018510253101773
549,0.0033565017166203,0.0081497409366875,0.0015704074547677,0.002391541067368
550,0.0133332698272212,0.0171312643822538,0.0049582351970389,0.0123596034832687
551,0.0048539162207621,0.02676756004848,0.0393798123828563,0.0056509652868239
552,0.02138399286485,0.0308849559200226,0.0283525699461506,0.0248855429813659
553,0.0004248733031051,0.0019133213548165,0.0003843759818078,0.0004879971567781
554,0.0024523340105737,0.0131929829226624,0.0088955432114623,0.0084784762242051
555,0.0111946231328463,0.0035054072663136,0.0203689442677532,0.01009940969832
556,0.001835120854901,0.0212401312703045,0.0063166983509042,0.0006520283804913
557,0.0114128868167053,0.0053095214648859,2.9735991539325823e-05,0.0095054960219727
558,0.0175577800424076,0.0059409575401661,0.0286116827650921,0.0211284049027238
559,0.0009058423609378,0.0255727290077132,0.0184844396536494,0.0121387689376906
560,0.0300116956626261,0.0530560024161106,0.0546756052229984,0.0153454725705355
561,0.0229587109924853,0.0339629996877199,0.0031594907251442,0.0219796008380921
562,0.0144177910922049,0.0010090807800953,0.007866427489823,0.0202939663021233
563,0.0121516048441971,0.0010540754189261,0.0194442139352126,0.005562868928898
564,0.0009691488401912,0.0049560742429388,0.0101877325981867,0.0066578884981769
565,0.0268093555063604,0.0248670594956479,0.011091927668799,0.0172550074256054
566,0.0140432449989926,0.0116290674029233,0.0032208376793025,0.0122622210500775
567,0.0081494934482728,0.008103459353836,0.0064548917708364,0.0108796660032917
568,0.0116482956063279,0.0226848520737901,0.016883058914118,0.0004337755019552
569,0.0264186701822524,0.0333475715501503,0.0088534317851411,0.0088894443878366
570,0.0077984524296468,0.0201209788011125,0.0215883775706124,0.0068381934100134
571,0.0131473679694096,0.0096380220216172,0.0076815258623224,0.0049172291977761
572,0.0251663679463973,0.0134769742840425,0.0034627933942008,0.0128386826647117
573,0.0158526330987207,0.0196127532874399,0.0151245082138569,0.0099746218492828
574,0.0165514354416203,0.010597335671914,0.0103062288755495,0.0042013569631045
575,0.0260606726239718,0.0161460328539995,0.0118326192245774,0.0131854624262839
576,0.0126908147134674,0.0383928295452307,0.0143837607709613,0.0204078056029519
577,0.0241540539079903,0.0186074925608918,0.0186574885815158,0.031971580676279
578,0.0047777097315684,0.0023212971883754,0.0037754071714104,0.0031691848250616
579,0.0099871368304631,0.0077745775471296,0.0079036556012201,0.0064417920674824
580,0.0187982574537715,0.0075472056353822,0.0063298138494554,0.0040040984226541
581,0.0049372078913894,0.0196058967107681,0.0032255468207473,0.0060941157100469
582,0.0050464849078366,0.0009010653136112,0.0009594083456008,0.0076420968242665
583,0.0007574323406993,0.0050684345704592,0.0067690724241362,0.036807699091871
584,0.0045241862820333,5.728434038587693e-05,0.0085715887009243,0.00733813399059
585,0.0065146810211933,0.0023687338355502,0.0069685681455862,0.0142736326558265
586,0.014251239079094,0.0096877287228718,0.0140629824522786,0.0148065055273569
587,0.0070815879530705,0.0168618515812362,0.0144244565637023,0.0255741216966693
588,0.039566514057844,0.0261752990036905,0.0310229156674726,0.0304687536995427
589,0.0169564986614858,0.0148829662784732,0.0018429885880895,0.0090029518238736
590,0.0010637942180586,0.0251936096734128,0.0064430052336259,0.0020689828469748
591,0.0246942971143955,0.0267000599839519,0.005360765402564,0.0132414295779188
592,0.0075594685709887,0.0184180811079865,0.0084011620604815,0.006951605335308
593,0.0047586661344016,0.0036054848721907,0.0028191238182913,0.0025398243042644
594,0.0073028437828295,0.011191806471972,0.0037424077085539,0.007667447927302
595,0.0026334700262964,0.0088885348311418,0.0016299954431442,0.002248044065837
596,0.0179409189613179,0.0048053912749388,0.0153411889504599,0.0106667678041949
597,0.0215608050706368,0.0034315473435695,0.0071806135205729,0.0053916635613973
598,0.0118092375550373,0.009642799405654,0.0067293507933339,0.0133345077854292
599,0.0161852846771637,0.0215429636731139,0.0215869710926224,0.0025084044658125
600,0.0242557037193158,0.0092567604660747,0.0142514306136636,0.0167371295118794
601,0.007846969363185,0.0007169393515722,0.0031109028738427,0.0072249249230882
602,0.0282369767137318,0.0094246885321505,0.0177624534446945,0.0274731967435801
603,0.0125090728841961,0.0121786507700862,0.0017051621135042,0.0356117131531341
604,0.0089099750039132,0.0082910858822478,0.0010407182917511,0.0030203329267219
605,0.0096218650787296,0.009209469403034,0.0089450887355333,0.0138355221510231
606,0.0115957930712724,0.023337231880804,0.0184266512855746,0.0018873985399832
607,0.0132706238979229,0.0013658460324457,0.0049017291687292,0.0152736223057612
608,0.0016863270089082,0.0032096974022906,0.0150024316863177,0.0003815284140422
609,0.0226048295759522,0.0209240291984951,0.001633994895192,0.0050427391485943
610,0.0030611848662047,0.0038070812000441,0.0117592946583826,0.0052847168896246
611,0.0094634818797025,0.0208670687541161,0.0024030329210713,0.0092573199449219
612,0.0078853455176046,0.0115417604401715,0.0092966653871391,0.0054157507331371
613,0.0101847198170652,0.0065154728534686,0.001735053247307,0.0064835591297018
614,0.0128960287888428,0.0146052864797026,0.0079183423593462,0.0087735729213527
615,0.0085430483350865,0.0008327272825168,0.0059885254442892,0.0096849248670967
616,0.0153058073771159,0.0346887380689082,0.0064104204137258,0.0055140506816648
617,0.00581932458212,0.0104058761312018,0.00256411880137,0.0006652097594468
618,0.0104601048093746,0.0118421020010739,0.0033284717213177,0.0186223404124659
619,0.0009175863295638,0.0068401485010083,0.006358058374662,0.000355199642076
620,0.0090279744365364,0.0270247424359864,0.0110177407995166,0.0060368162923492
621,0.0066137176883351,0.0171069122503064,0.0138607029606419,0.0122145097962622
622,0.0134663518933315,0.0271367925077541,0.0208939945970119,0.008482878917535
623,0.0168092917556492,0.0261102589815118,0.0212117477197271,0.0137403121556562
624,0.034631258438047,0.0150604439369494,0.0160889571144142,0.0308623153721363
625,0.0100454038734838,0.0549467707270538,0.0112571545246336,0.0144123966114904
626,0.0009428975447463,0.0010772192945101,0.0026196565317029,0.0010935882735569
627,0.012356997415079,0.0206487200197029,0.0360089446959595,0.0088495427049792
628,0.0317298657183275,0.0200419683200596,0.0084222156122226,0.0319531175042993
629,0.0047879708431706,0.000381725752037,0.0060715541947597,0.0038764245928675
630,0.0193027052066394,0.0370923951388428,0.0207231252919619,0.016480689702961
631,0.0006335128498227,0.0161465392519692,0.0109104205911858,0.0042189470817266
632,0.0092310284541863,0.0104831733226964,0.0105863208587528,0.0080927705833921
633,0.0333166531923829,0.0230802978270165,0.0247338376041952,0.0302717399380387
634,0.0210323226057402,0.0043990237843161,0.0047981095091689,0.01173515044532
635,0.0089630875166166,0.0107759449591604,0.0108109161042158,0.007235378011166
636,0.0071568295067132,0.0014755576595284,0.0021415738793191,0.0061613172812906
637,0.0066536374585748,0.0024747603645645,0.0002863094805984,0.0069872618684971
638,0.014668050700294,0.0119979840182704,0.0029361216521017,0.0083173767249284
639,0.0480433474591404,0.0301855497721339,0.0113650346796259,0.027290259685234
640,0.0191629928716956,0.0030395160178962,0.0113909808030783,0.0001451168192936
641,0.0077519768043181,0.0061970437538363,0.0018168465781567,0.0010113212649471
642,0.0085476594129465,0.0087082994890854,0.0040020225431529,0.0051577182380029
643,0.0213767245230496,0.0513595383159746,0.0020013311614555,0.0148769667796653
644,0.0068966746323706,0.0007755797585158,0.0006571560951016,0.0034905997910748
645,0.0020459866841004,0.0076759555210745,0.0016033214055006,0.0023789867489671
646,0.0362754535523413,0.0221170110982846,0.0051413995004185,0.0205508482804619
647,0.0512144092568203,0.0062179996285864,0.0137813937149626,0.0404845857131679
648,0.0139211078000567,0.0232845556573462,0.0180157788992794,0.014993538131506
649,0.0214813450931785,0.0310750141041644,0.0287734300401449,0.0169111184075987
650,0.0145398277819239,0.0088509574892299,0.0052387308761812,0.009346847254589
651,0.0148998305053904,0.002228678240062,0.002879445282538,0.008214769947143
652,0.0084261254686275,0.0318397965884251,0.0157929159581531,0.0085966381048496
653,0.0531984047049887,0.0185534078957481,0.0215955746405249,0.0349062431581614
654,0.0174111619079875,0.0026166542372356,0.0236167724770002,0.0132700059057953
655,0.0266226728735343,0.0168469901552876,0.0134710617770554,0.0194652478822465
656,0.0235752373757165,0.0202004950993597,0.0144589726065795,0.0103056851244414
657,0.0025130903278789,0.0013608882867091,0.0002805106963084,0.0051273946654557
658,0.0096483587701801,0.0148761299509168,0.005738761212461,0.0080517025765978
659,0.033705551734851,0.0199431994249748,0.0133709999176678,0.0035317897458266
660,0.0392367761459127,0.0215355136980788,0.0117805070695844,0.0082718494541147
661,0.0086590291948986,0.0056864491165589,0.0028252251065055,0.0112264047461128
662,0.0335654189920537,0.0048487239272523,0.0042735626345269,0.0121878585317727
663,0.03324132667111,0.0235547214952998,0.0127472210278742,0.0265751130555766
664,0.0039404259355055,0.0037870287307191,0.0023109175806723,0.002297316356973
665,0.0155856729624499,0.0235241740953098,0.0212207358960689,0.0188111227510656
666,0.0178252442918882,0.0030966168427521,0.0060194370631592,0.0115939111966039
667,0.0051260230413721,0.0029936907996344,0.0060256349649865,0.0022519534007301
668,0.024354446143052,0.008347965836406,0.002533790061804,0.0272204080979978
669,0.002467165451037,0.0012153052364087,0.0101920146369316,0.0068922658355674
670,0.0203759405717924,0.0419217475539994,0.0225237636577695,0.0166064331078032
671,0.0012146522433198,0.0155280022504129,0.0015798310829193,0.0011615607702886
672,0.0034072601557024,0.0236391689355865,0.0185594171273564,0.009902339794797
673,0.0150534849529506,0.0051533224069055,0.0023410421699008,0.0039665575162795
674,0.0125606666395992,0.0493098493369963,0.021167108838183,0.0014466733297204
675,0.0044859946342477,0.0032091345112519,0.0042200947442587,0.0061601604133034
676,0.0092631171889845,0.0058008920498204,0.002130400025198,0.0034644898151867
677,0.0114585541928082,0.0056467911358915,0.0085664336163429,0.0074491821905873
678,0.0287183608014292,0.0214161142122604,0.0193582257744839,0.0171902786469946
679,0.0100248458987337,0.0046214015014811,0.0054959001639609,0.0058623981800121
680,0.0218831614676329,0.0197248375701626,0.0030520236538063,0.0195298106269721
681,0.002205072558314,0.0111235852186624,0.0066402356206918,0.0143551121389604
682,0.0145211595481065,0.0234688458517577,0.03495041947148,0.0132119241985648
683,0.0034899311810026,0.0044463579932383,0.0011367680213965,0.0037924356278438
684,0.0204787649607904,0.0210579246145936,0.0077742769402497,0.0097054030808187
685,0.0098916708215259,0.000651944671711,0.0065224603377167,0.0006743580185215
686,0.0067790616780012,0.000985396504717,0.0024104747096931,0.0031532729827556
687,0.0172753162528849,0.0133855516879002,0.0025108733654626,0.014614251265776
688,0.0050867682118163,0.0114412698868324,0.0089721224285739,0.0094464595257708
689,0.0174810222860894,0.0178126033781307,0.0138624390744652,0.0124945846794117
690,0.0035340384033251,0.0049832679611476,0.0123006738569682,0.0027849327083817
691,0.0192475287134232,0.032783028174423,0.0168280095596333,0.0088476187511972
692,0.0019316336406127,0.0074135630374092,0.0022584747087694,0.0007014218888024
693,0.0098031965245919,0.0148122952739697,0.0060713346312066,0.0040232537526971
694,0.0046617308578928,0.0057564919316552,0.0051546948240304,0.0016499178784119
695,0.0045771306661137,0.0015456492478431,0.0041038669786193,0.0034799008182382
696,0.005110432731981,0.0020000006666665,0.0072472324516317,0.0096338385589396
697,0.0078631539651716,0.0069186694946532,0.0073791545323054,0.0015006970337054
698,0.0056206532764093,0.012068723070798,0.0035505086487059,0.0128897135723784
699,0.0009882375810015,0.0012539975724212,0.0026815837826283,0.0051634271530502
700,0.0257465863385988,0.028333188166921,0.0102857735460766,0.0158506099770363
701,0.0214646113610665,0.0229953745591791,0.0142654256134271,0.0154647990165397
702,0.0092057194555241,0.0057008762414358,0.0039561431010248,0.0078017338854294
703,0.0071918011112064,0.010135604173648,0.0015457668686487,0.0066295011987005
704,0.0085773767742391,0.0126735745006856,0.0233847627404273,0.0115452823144117
705,0.0080297921956935,0.0029081315935117,0.0048895666082753,0.0081281302852911
706,0.0097922260514167,0.0033255767263771,0.0030432317385651,0.0390320517056883
707,0.0132544247595163,0.0268252848439738,0.0203468577171204,0.0124128653054036
708,0.0171353406588057,0.0115271714726779,0.0107632502375611,0.02445432810695
709,0.0315632990594654,0.0132857973915516,0.0064554096152136,0.0237218741194418
710,0.0060444850070098,0.0113162391937269,0.0022122292494675,0.0053575724431951
711,0.0022336869453081,0.0063737464631135,0.0040540881107791,0.0036722153071355
712,0.006390478929477,0.0092872893339714,0.0029144454019984,0.0017646734908343
713,0.0050232343712357,0.0063805320873351,0.0073339313743652,0.0195975264245182
714,0.0117999431007298,0.0036138176342976,0.0059102008789011,0.0115993583974063
715,0.0163698508824001,0.0208702479269264,0.0079869396866385,0.0175077216831152
716,0.0125296072710039,0.0178002432494004,0.0096503030294687,0.0104940646109472
717,0.02430287819646,0.0235955383082178,0.0162608382973825,0.0143881741324651
718,0.0038607064678171,0.0143019511714506,0.0032381146024054,0.0026937137646996
719,0.0166388915916364,0.011854527417709,0.0039987038814182,0.0056249173355897
720,0.0033277900926753,0.0016686264253156,0.0014582554885045,0.0008472292261707
721,0.0153305143525548,0.0269392472319243,0.0084938222996395,0.0086727788607161
722,0.0272220392216606,0.0075656791674303,0.0070598807865405,0.0057109887492572
723,0.0256307768648511,0.010604997178973,0.0127948548209761,0.0032555644597671
724,0.0008265457897778,0.0141085919257868,0.0087304732512158,0.0031091664625932
725,0.0047402869283246,0.0032132140906551,0.0045486684234106,0.0141820176173332
726,0.0251308232698512,0.0217354804769094,0.0155666303051926,0.016304571498253
727,0.045615402149199,0.0488741552487441,0.0587495560898059,0.0456731964928103
728,0.0405913436846754,0.0113936055401335,0.004493895152386,0.0161582954572629
729,0.0164024514725884,0.0056535350475899,0.003300408600749,0.0121786162650909
730,0.0029749137730421,0.0061604587491235,0.0062144526148379,0.0046100510555078
731,0.0295588022415449,0.0234217178084374,0.0243232718593713,0.0413370078965975
732,0.0019615606318339,0.0054564321720915,0.0122292511390362,0.0027047897253709
733,0.0171599785552771,0.0061439930147901,0.0014056360383438,0.0201423177267763
734,0.0084223394743556,0.0135392146986319,0.0144579840579339,0.0076570696803255
735,0.0345992299097659,0.0520856997722063,0.0346039631381618,0.0348689180723713
736,0.0036652143443784,0.0048138204316483,0.0024636005712785,0.0061304032300188
737,0.0366648897126964,0.021798083242972,0.0126371649635235,0.0310272120215842
738,0.0129807114727213,0.0029433428165965,0.0022705035195569,0.0047014661118067
739,0.002628015516084,0.0068379891255165,0.0014971905114986,0.0059707616462798
740,0.0055912921733911,0.0172156150540878,0.001691954651557,0.0042076595881672
741,0.0019379851026783,0.0088328649985083,0.0039265957137217,0.00510583337664
742,0.0050028692110259,0.0189425881631368,0.0030572445186844,0.0019875543230707
743,0.0076829942721374,0.0019575862695173,0.0070022419127182,0.0064667592589904
744,0.0033955890011378,0.0012795907056251,0.0076207381788453,0.0016800675978716
745,0.0045911992352092,0.0066749216950627,0.0075999559012682,0.0095598647284553
