-4.505328238010406494e-01,1.531341433525085449e+00,1.473293781280517578e+00,-5.058914422988891602e-01
7.255483865737915039e-01,-7.283568382263183594e-01,3.688862323760986328e-01,-3.347049951553344727e-01
1.086001515388488770e+00,-7.120800018310546875e-01,1.300660610198974609e+00,-4.743200838565826416e-01
-2.299756765365600586e+00,7.617430686950683594e-01,-7.591217756271362305e-01,4.970070719718933105e-01
1.223156452178955078e+00,-1.566744446754455566e+00,-6.714481711387634277e-01,-1.049559473991394043e+00
4.072437882423400879e-01,1.264030188322067261e-01,4.955897033214569092e-01,-1.104530692100524902e+00
1.614361107349395752e-01,-3.492566049098968506e-01,-9.967941641807556152e-01,-5.613372325897216797e-01
-1.396607398986816406e+00,-1.200580477714538574e+00,7.723419368267059326e-02,1.217850565910339355e+00
-5.063046216964721680e-01,1.568251103162765503e-01,6.454165577888488770e-01,-1.242896676063537598e+00
8.304630517959594727e-01,-4.412768483161926270e-01,1.353455901145935059e+00,1.197979226708412170e-01
-1.054113268852233887e+00,-9.800758361816406250e-01,-1.607784628868103027e+00,1.489388227462768555e+00
-2.374002215219661593e-04,4.098885357379913330e-01,4.394684731960296631e-02,-1.187215209007263184e+00
-3.039749860763549805e+00,8.595146536827087402e-01,-1.038664460182189941e+00,-8.280022740364074707e-01
3.425198839977383614e-03,5.244727730751037598e-01,5.618982911109924316e-01,-6.178113222122192383e-01
-2.242129087448120117e+00,-8.843982815742492676e-01,-1.613122582435607910e+00,2.700422406196594238e-01
1.586461663246154785e+00,1.408613085746765137e+00,-8.357815742492675781e-01,-8.618336915969848633e-01
3.027815185487270355e-02,7.222732901573181152e-01,-1.110565066337585449e+00,-1.555000066757202148e+00
2.073730468750000000e+00,-9.846605658531188965e-01,3.190724551677703857e-02,1.807612061500549316e+00
-5.737805366516113281e-01,3.687342107295989990e-01,-1.008114218711853027e+00,1.811707913875579834e-01
5.989054441452026367e-01,-1.356271624565124512e+00,1.138784408569335938e+00,-3.938826322555541992e-01
1.124413728713989258e+00,-1.309795141220092773e+00,6.874590516090393066e-01,9.663181900978088379e-01
1.913382291793823242e+00,-1.146204352378845215e+00,7.703649997711181641e-01,1.162932038307189941e+00
-7.674757242202758789e-01,-3.363696634769439697e-01,-1.191130876541137695e+00,1.520758628845214844e+00
5.185347199440002441e-01,1.170796871185302734e+00,-2.532275915145874023e-01,2.808195352554321289e-01
-1.088193152099847794e-02,1.697435043752193451e-02,-1.115718018263578415e-02,1.114240050315856934e+00
-2.880733646452426910e-02,1.313190937042236328e+00,5.971127748489379883e-01,-2.381303548812866211e+00
1.155565977096557617e+00,1.096732020378112793e+00,1.919976711273193359e+00,1.248791217803955078e+00
-1.690353035926818848e+00,6.441441178321838379e-01,7.550651431083679199e-01,-4.185662269592285156e-01
6.509566307067871094e-02,-1.302891492843627930e+00,1.725560665130615234e+00,-3.454904556274414062e-01
-3.262403309345245361e-01,3.408048152923583984e-01,6.933552622795104980e-01,1.082352161407470703e+00
-4.042170345783233643e-01,-1.892233967781066895e+00,3.985013663768768311e-01,4.208431541919708252e-01
-8.142618536949157715e-01,-1.699437975883483887e+00,9.661749005317687988e-01,-1.178198978304862976e-01
-1.477342694997787476e-01,5.603290162980556488e-03,-3.468157052993774414e-01,-1.523443341255187988e+00
-1.550074934959411621e+00,-2.881323732435703278e-02,-3.852960765361785889e-01,2.871600091457366943e-01
-3.405737280845642090e-01,-2.724389433860778809e-01,-9.086173772811889648e-01,-2.080813199281692505e-01
2.791125774383544922e-01,1.912996649742126465e+00,5.223324894905090332e-01,-7.649030685424804688e-01
2.001320756971836090e-02,-7.238658517599105835e-02,1.618294417858123779e-01,-2.514908790588378906e+00
1.180385872721672058e-01,-1.281253933906555176e+00,8.490023016929626465e-01,1.494592428207397461e+00
-6.977335214614868164e-01,1.455594301223754883e+00,3.218781054019927979e-01,8.597625494003295898e-01
-1.617885470390319824e+00,-7.186694145202636719e-01,-1.975693255662918091e-01,4.023689329624176025e-01
1.508191227912902832e+00,6.986857056617736816e-01,-1.188905239105224609e+00,-1.844078451395034790e-01
1.837151169776916504e+00,-9.167970716953277588e-02,-2.718823850154876709e-01,-3.005039691925048828e-01
-5.202844142913818359e-01,-7.842550873756408691e-01,-2.216549664735794067e-01,6.235288977622985840e-01
-2.690045908093452454e-02,-2.863198518753051758e+00,2.713772535324096680e+00,6.929939389228820801e-01
6.176024675369262695e-01,-7.119697332382202148e-01,2.201504409313201904e-01,-4.167395532131195068e-01
1.079499498009681702e-01,-1.642748862504959106e-01,-2.075220942497253418e-01,-2.769755601882934570e+00
5.194070339202880859e-01,9.715247154235839844e-02,1.912643909454345703e+00,1.125643029808998108e-01
-8.233718276023864746e-01,-9.801946580410003662e-02,-5.715116113424301147e-02,-5.331377983093261719e-01
2.120779454708099365e-02,-2.003905534744262695e+00,1.154674172401428223e+00,-4.455162882804870605e-01
5.568149089813232422e-01,-3.259623348712921143e-01,1.963259130716323853e-01,8.041202276945114136e-02
2.946668386459350586e+00,-1.758747935295104980e+00,-4.183205962181091309e-01,4.020728170871734619e-01
1.746786952018737793e+00,-1.213201403617858887e+00,1.368422269821166992e+00,-1.265015363693237305e+00
-2.295786738395690918e-01,5.149179697036743164e-01,9.039310216903686523e-01,-5.486487746238708496e-01
2.862972319126129150e-01,-6.302279233932495117e-01,-1.149569869041442871e+00,9.732403159141540527e-01
9.400509297847747803e-02,-2.964215576648712158e-01,7.792811989784240723e-01,1.418490290641784668e+00
9.510056972503662109e-01,-1.125246584415435791e-01,-2.129572391510009766e+00,1.244591951370239258e+00
-3.952039033174514771e-02,4.767557978630065918e-02,9.898915886878967285e-01,-1.275142192840576172e+00
-1.599160075187683105e+00,-5.358093380928039551e-01,-2.020736485719680786e-01,-1.358976960182189941e-01
-9.963169693946838379e-01,-2.050297260284423828e+00,7.069401144981384277e-01,6.959465742111206055e-01
2.570740461349487305e+00,2.206704616546630859e+00,-1.137209892272949219e+00,-5.327831506729125977e-01
3.094944059848785400e-01,3.277776539325714111e-01,-5.572711825370788574e-01,-2.620352432131767273e-03
1.258772969245910645e+00,-3.764343559741973877e-01,2.846085727214813232e-01,4.575130939483642578e-01
1.704667508602142334e-01,-6.935104131698608398e-01,-2.663993835449218750e+00,-2.091938972473144531e+00
-1.183176636695861816e+00,9.345782399177551270e-01,-1.233695968985557556e-01,-7.386855483055114746e-01
-6.470088958740234375e-01,1.655419111251831055e+00,-1.738821119070053101e-01,-6.400989741086959839e-02
5.641931891441345215e-01,5.434114336967468262e-01,-1.390427827835083008e+00,9.622899293899536133e-01
-8.468291908502578735e-02,-6.943212151527404785e-01,-8.954803943634033203e-01,1.367740426212549210e-02
-3.548927307128906250e-01,7.283285856246948242e-01,-4.176396727561950684e-01,-6.381536126136779785e-01
-6.401259899139404297e-01,-1.483498930931091309e+00,-9.445559382438659668e-01,7.240344882011413574e-01
-1.356076955795288086e+00,-7.777443528175354004e-01,1.387999176979064941e+00,-7.420799136161804199e-01
1.363079398870468140e-01,3.869062364101409912e-01,2.134925842285156250e+00,9.788956046104431152e-01
-8.114523291587829590e-01,-1.045613169670104980e+00,2.911692857742309570e-01,7.748531550168991089e-02
2.093747407197952271e-01,-1.967609643936157227e+00,2.548039853572845459e-01,-5.988854169845581055e-01
4.023752808570861816e-01,-1.622543096542358398e+00,4.180884063243865967e-01,-9.313334226608276367e-01
7.388995289802551270e-01,-8.301629424095153809e-01,-5.631625056266784668e-01,-3.166005313396453857e-01
-1.707811117172241211e+00,-7.576982975006103516e-01,9.312330484390258789e-01,-7.572435587644577026e-02
5.806052088737487793e-01,1.071881294250488281e+00,-9.192017316818237305e-01,-7.192630767822265625e-01
7.121020555496215820e-01,-1.016501188278198242e+00,-1.425407528877258301e+00,6.869202107191085815e-02
6.580072045326232910e-01,-1.572928905487060547e+00,-1.361966252326965332e+00,-5.747841000556945801e-01
2.243378907442092896e-01,-1.003405332565307617e+00,-1.302384585142135620e-01,6.095130443572998047e-01
-1.230861246585845947e-01,-3.834642767906188965e-01,-1.541184663772583008e+00,1.037809476256370544e-01
-5.190999507904052734e-01,-2.832578420639038086e-01,9.922718405723571777e-01,2.013558864593505859e+00
-8.984020352363586426e-01,2.977425158023834229e-01,6.402851939201354980e-01,5.408857464790344238e-01
1.373728066682815552e-01,-2.921930551528930664e-01,-4.944390356540679932e-01,9.650430083274841309e-01
-8.832889795303344727e-01,2.088352143764495850e-01,-1.130594372749328613e+00,1.119603514671325684e+00
1.426300287246704102e+00,3.249905705451965332e-01,-7.883546501398086548e-02,1.357027530670166016e+00
-2.508376836776733398e+00,1.520332455635070801e+00,2.754448413848876953e+00,-6.218206137418746948e-03
-1.726315021514892578e+00,-1.299262046813964844e+00,-1.616166532039642334e-01,-7.459853291511535645e-01
-6.453733444213867188e-01,-4.162181913852691650e-01,-1.175223231315612793e+00,-5.910104513168334961e-01
-8.282561302185058594e-01,-9.332423210144042969e-01,-1.445785909891128540e-01,1.318575739860534668e+00
1.707832217216491699e+00,-1.008725404739379883e+00,-3.379267752170562744e-01,-6.052641868591308594e-01
-1.247096300125122070e+00,2.614673674106597900e-01,-1.665609359741210938e+00,-3.124983906745910645e-01
-3.695253729820251465e-01,-6.479157805442810059e-01,1.588635325431823730e+00,-9.207695722579956055e-01
7.289198637008666992e-01,5.325534343719482422e-01,6.406251192092895508e-01,-1.987689137458801270e+00
3.661933541297912598e-01,-8.485507369041442871e-01,-5.009378790855407715e-01,7.695342302322387695e-01
-4.017940461635589600e-01,-7.955875992774963379e-01,3.869376182556152344e-01,4.827631115913391113e-01
-2.064056634902954102e+00,1.635986685752868652e+00,2.641755938529968262e-01,-9.340060949325561523e-01
-1.572517633438110352e+00,1.135425046086311340e-01,1.878134131431579590e+00,2.020446211099624634e-01
9.473593235015869141e-01,6.782800555229187012e-01,1.543138742446899414e+00,1.524796187877655029e-01
-1.254282355308532715e+00,1.963605761528015137e+00,5.053977966308593750e-01,7.249623537063598633e-01
-1.069660708308219910e-01,1.888927421532571316e-03,1.220930069684982300e-01,7.576956152915954590e-01
1.308497428894042969e+00,5.167397856712341309e-01,-1.674723863601684570e+00,-7.136054635047912598e-01
-2.543576061725616455e-02,-7.594782114028930664e-01,-1.309967517852783203e+00,-6.285043954849243164e-01
8.668249845504760742e-01,-3.683125674724578857e-01,2.300408296287059784e-02,-4.985491633415222168e-01
-1.247522354125976562e+00,5.984810590744018555e-01,-1.735990643501281738e+00,9.290688037872314453e-01
-1.740399748086929321e-01,4.686224758625030518e-01,1.666781753301620483e-01,-1.877800107002258301e+00
2.242480039596557617e+00,-1.173494338989257812e+00,1.121500492095947266e+00,1.756921768188476562e+00
-1.385151267051696777e+00,1.632536649703979492e+00,-5.104850530624389648e-01,1.089469671249389648e+00
4.066864550113677979e-01,-1.171610951423645020e+00,4.005900621414184570e-01,3.312954008579254150e-01
-1.051320075988769531e+00,1.270944029092788696e-01,-2.007418394088745117e+00,3.268537819385528564e-01
1.518967151641845703e+00,5.222995281219482422e-01,5.415696501731872559e-01,-6.562078595161437988e-01
-4.391448795795440674e-01,1.865374892950057983e-01,-1.235588550567626953e+00,1.350908875465393066e+00
8.002390265464782715e-01,6.575300097465515137e-01,7.758485674858093262e-01,-1.621808290481567383e+00
-1.740784794092178345e-01,-4.453808367252349854e-01,-2.110019475221633911e-01,2.920859754085540771e-01
8.726928383111953735e-03,4.346561729907989502e-01,1.545117050409317017e-01,-7.494601011276245117e-01
3.598808944225311279e-01,4.691436886787414551e-01,1.114289045333862305e+00,-1.143626332283020020e+00
1.123478055000305176e+00,-3.637647032737731934e-01,6.164143681526184082e-01,-4.906007945537567139e-01
-1.446661353111267090e-01,-4.065847694873809814e-01,1.220484137535095215e+00,5.733812451362609863e-01
-1.112427592277526855e+00,-5.883471965789794922e-01,-1.178803443908691406e-01,-2.351629972457885742e+00
-7.089225202798843384e-02,2.666819989681243896e-01,-4.579090774059295654e-01,-1.135498359799385071e-01
-4.984848499298095703e-01,7.713244110345840454e-02,-7.895466089248657227e-01,4.563122987747192383e-01
1.111016273498535156e+00,-4.406455755233764648e-01,3.634560108184814453e-01,-1.234114527702331543e+00
-8.316141963005065918e-01,1.948987483978271484e+00,2.366406284272670746e-02,-1.202261805534362793e+00
-3.149019479751586914e-01,5.245934128761291504e-01,5.033358931541442871e-01,4.440941512584686279e-01
9.359948635101318359e-01,-5.159782767295837402e-01,2.713026523590087891e+00,-1.336674541234970093e-01
5.113166570663452148e-01,4.292443692684173584e-01,-1.352608323097229004e+00,3.784335553646087646e-01
-7.428292930126190186e-02,3.724552094936370850e-01,-8.285101056098937988e-01,1.989397883415222168e+00
1.916667342185974121e+00,-6.131186485290527344e-01,-1.731884837150573730e+00,1.019336953759193420e-01
-9.282240867614746094e-01,1.604936838150024414e+00,-3.783278167247772217e-01,-1.773733496665954590e+00
1.087455525994300842e-01,-7.710258364677429199e-01,-1.466257929801940918e+00,4.453760981559753418e-01
-1.099658608436584473e+00,-2.446502894163131714e-01,1.407721638679504395e+00,1.957712918519973755e-01
-1.594466269016265869e-01,-4.022791609168052673e-02,7.916563153266906738e-01,-2.786931097507476807e-01
-1.149775907397270203e-01,5.333637818694114685e-02,1.405205249786376953e+00,1.866487503051757812e+00
-1.009280681610107422e+00,2.022255420684814453e+00,5.856208205223083496e-01,5.719110369682312012e-01
1.901590704917907715e+00,3.341536223888397217e-01,-1.487546920776367188e+00,1.566545248031616211e+00
7.063753008842468262e-01,-6.621803343296051025e-02,-7.123608589172363281e-01,-1.075475290417671204e-01
-9.463342428207397461e-01,-9.049269556999206543e-01,7.750255614519119263e-02,3.036614879965782166e-02
-6.104204654693603516e-01,-4.598430395126342773e-01,4.996805489063262939e-01,4.778963923454284668e-01
2.810483574867248535e-01,-6.579576432704925537e-02,8.028709888458251953e-01,-2.389397621154785156e+00
1.145652413368225098e+00,-5.804843902587890625e-01,1.143131613731384277e+00,-9.941554665565490723e-01
8.993513584136962891e-01,-5.980619192123413086e-01,-1.306959509849548340e+00,-9.890405535697937012e-01
5.390191823244094849e-02,-5.440586805343627930e-01,1.025149226188659668e+00,-7.179862856864929199e-01
-3.009288609027862549e-01,-1.977309435606002808e-01,1.996563315391540527e+00,7.334359288215637207e-01
1.266936808824539185e-01,-7.558122277259826660e-01,3.273757696151733398e-01,-1.220267295837402344e+00
1.630789756774902344e+00,1.077581271529197693e-01,1.892174124717712402e+00,2.728286087512969971e-01
2.130321860313415527e-01,-1.438998341560363770e+00,-7.186388969421386719e-01,6.184580326080322266e-01
1.073181509971618652e+00,-7.082854509353637695e-01,-7.346747517585754395e-01,-1.214396953582763672e+00
-2.204546630382537842e-01,9.207509160041809082e-01,-8.444420993328094482e-02,5.370393991470336914e-01
2.193913936614990234e+00,-1.696697473526000977e-01,-9.945886582136154175e-02,-1.272610068321228027e+00
-6.272383928298950195e-01,-1.157240271568298340e+00,-1.417988061904907227e+00,-3.352075099945068359e+00
-8.622486591339111328e-01,-4.702870547771453857e-01,-1.224750056862831116e-01,6.861184835433959961e-01
7.010498046875000000e-01,-4.749553501605987549e-01,1.045657634735107422e+00,7.378914356231689453e-01
1.730408221483230591e-01,-6.747388243675231934e-01,-2.401904016733169556e-01,1.113518953323364258e+00
1.748237013816833496e-01,4.113968312740325928e-01,7.191270589828491211e-01,5.149958729743957520e-01
2.589422464370727539e-01,9.577243328094482422e-01,2.558629587292671204e-02,1.064465999603271484e+00
-9.413720369338989258e-01,-9.941182136535644531e-01,1.074997186660766602e+00,-7.549732327461242676e-01
-7.180028557777404785e-01,-6.502027511596679688e-01,-2.974130809307098389e-01,-9.979008436203002930e-01
-1.715177059173583984e+00,-7.539244294166564941e-01,3.164316117763519287e-01,8.205487728118896484e-01
3.193805813789367676e-01,1.404680728912353516e+00,3.940042555332183838e-01,-1.026289388537406921e-01
2.692821621894836426e-01,-9.724745750427246094e-01,-1.615590333938598633e+00,-8.165786862373352051e-01
2.251191139221191406e+00,-5.913940444588661194e-02,3.450008332729339600e-01,5.254671722650527954e-02
2.927266992628574371e-02,-2.970254123210906982e-01,-3.324298262596130371e-01,-1.572700142860412598e-01
3.204822912812232971e-02,-1.783734917640686035e+00,-3.026714622974395752e-01,7.830481231212615967e-02
-3.032037317752838135e-01,-6.204373836517333984e-01,1.673060236498713493e-03,-1.184430837631225586e+00
-8.862990885972976685e-03,-9.863799810409545898e-01,4.792072176933288574e-01,1.046280860900878906e+00
-1.051010608673095703e+00,-4.621522501111030579e-02,5.118370652198791504e-01,4.995438754558563232e-01
-6.184095740318298340e-01,-7.485485821962356567e-02,-8.963699936866760254e-01,-1.924696713685989380e-01
-1.092269778251647949e+00,1.793579816818237305e+00,1.985764503479003906e+00,-2.010157257318496704e-01
2.873924076557159424e-01,-1.655767261981964111e-01,1.699757099151611328e+00,5.125626921653747559e-01
9.868896007537841797e-02,-1.023041829466819763e-02,-1.438658356666564941e+00,4.230905771255493164e-01
-4.496150016784667969e-01,1.459201216697692871e+00,3.701341748237609863e-01,-1.159345149993896484e+00
-9.253242015838623047e-01,1.400764226913452148e+00,2.399564236402511597e-01,-1.573407530784606934e+00
1.476216077804565430e+00,8.210806846618652344e-01,9.058972001075744629e-01,-2.318436652421951294e-02
-2.389880716800689697e-01,1.987897038459777832e+00,-2.164507627487182617e+00,7.001708149909973145e-01
-9.600508809089660645e-01,-2.136043071746826172e+00,-4.325067996978759766e-02,-1.876214981079101562e+00
4.455639719963073730e-01,-5.035760402679443359e-01,-7.198675870895385742e-01,-7.710258364677429199e-01
1.974795341491699219e+00,1.849596858024597168e+00,-1.692498102784156799e-02,7.692717313766479492e-01
-8.124531507492065430e-01,3.393818140029907227e-01,-2.935930788516998291e-01,4.764068126678466797e-01
-2.633718967437744141e+00,9.215715527534484863e-01,-2.292292192578315735e-02,1.210800170898437500e+00
8.214389681816101074e-01,-7.571435570716857910e-01,-2.244586706161499023e+00,-4.188551306724548340e-01
-1.565013170242309570e+00,-1.081240773200988770e+00,-6.811847910284996033e-03,-1.119171023368835449e+00
-1.149381399154663086e+00,-3.642826378345489502e-01,-1.893211841583251953e+00,-1.497862339019775391e+00
-3.114706575870513916e-01,-1.636343359947204590e+00,-4.672208130359649658e-01,6.325057744979858398e-01
-1.259999513626098633e+00,1.017864704132080078e+00,8.154218792915344238e-01,4.884985089302062988e-01
-1.163874626159667969e+00,1.557743787765502930e+00,-4.561482369899749756e-01,-3.569242954254150391e-01
1.308485418558120728e-01,3.533686101436614990e-01,-1.386568427085876465e+00,-8.959850072860717773e-01
1.098601371049880981e-01,1.432141184806823730e+00,4.780567884445190430e-01,6.954020261764526367e-01
8.875233530998229980e-01,-1.199397683143615723e+00,8.396512269973754883e-01,-4.376669526100158691e-01
-4.490348398685455322e-01,-9.008674025535583496e-01,-2.251632958650588989e-01,-1.560363639146089554e-02
-1.000739857554435730e-01,2.138260900974273682e-01,1.942712813615798950e-01,1.246447682380676270e+00
6.552143096923828125e-01,-4.294741153717041016e-01,-5.797674506902694702e-02,8.750255107879638672e-01
9.895502775907516479e-02,-5.423719882965087891e-01,2.497284561395645142e-01,1.514540314674377441e+00
-1.803570538759231567e-01,1.961538314819335938e+00,-1.393863320350646973e+00,8.334553837776184082e-01
1.158888414502143860e-01,1.002467036247253418e+00,6.306470036506652832e-01,4.231019616127014160e-01
8.326249122619628906e-01,-1.736144065856933594e+00,1.667343616485595703e+00,-1.421563327312469482e-01
8.892590999603271484e-01,6.620317697525024414e-01,-2.316058576107025146e-01,-8.512708544731140137e-01
2.696764469146728516e+00,1.513634771108627319e-01,-4.912756085395812988e-01,3.050105869770050049e-01
-2.140593677759170532e-01,1.562115311622619629e+00,-3.240928798913955688e-02,9.116382002830505371e-01
3.247046470642089844e-01,2.167873233556747437e-01,2.015600919723510742e+00,2.091023921966552734e-01
2.715184688568115234e-01,3.926450386643409729e-02,-2.407259792089462280e-01,-9.710326790809631348e-01
-1.330475926399230957e+00,4.232819080352783203e-01,1.233928680419921875e+00,1.919376850128173828e-01
1.057389616966247559e+00,4.291996657848358154e-01,-1.132732033729553223e+00,5.657061934471130371e-01
5.126491785049438477e-01,-2.573090076446533203e+00,2.343528568744659424e-01,1.395092159509658813e-01
-2.736681401729583740e-01,-8.334491848945617676e-01,-7.900798916816711426e-01,-4.696458280086517334e-01
-2.179929465055465698e-01,3.269759714603424072e-01,-2.222477912902832031e+00,-1.103971123695373535e+00
-7.352749351412057877e-03,3.169455528259277344e-01,8.513069748878479004e-01,2.364959716796875000e+00
-4.949784576892852783e-01,1.264689564704895020e+00,-1.657952666282653809e+00,2.799995243549346924e-01
3.144479915499687195e-02,2.763645648956298828e+00,7.360117435455322266e-01,-4.306363463401794434e-01
5.740212798118591309e-01,4.966054856777191162e-01,1.193855926394462585e-01,-7.923520803451538086e-01
-2.217900276184082031e+00,3.155796527862548828e-01,-3.161608576774597168e-01,-5.863795876502990723e-01
1.213252544403076172e+00,2.984435260295867920e-01,9.028697609901428223e-01,-1.301056146621704102e-01
5.649871230125427246e-01,-1.107939600944519043e+00,1.708400398492813110e-01,4.944226145744323730e-01
7.142099142074584961e-01,2.469973117113113403e-01,-4.587208330631256104e-01,1.196704983711242676e+00
9.763441234827041626e-02,2.230217866599559784e-02,-7.536048889160156250e-01,-1.213255405426025391e+00
-9.602247178554534912e-02,5.474680662155151367e-01,1.007201313972473145e+00,5.792784094810485840e-01
5.905752778053283691e-01,-2.951767146587371826e-01,8.177365064620971680e-01,1.863898873329162598e+00
-1.546303033828735352e+00,-6.298763155937194824e-01,6.343197226524353027e-01,6.968958377838134766e-01
-5.160452723503112793e-01,-5.462442040443420410e-01,1.247101724147796631e-01,9.065838903188705444e-02
7.694966793060302734e-01,-9.832143187522888184e-01,-3.826898932456970215e-01,-6.851668655872344971e-02
-1.029931426048278809e+00,-2.358503788709640503e-01,-2.020425796508789062e+00,2.837463617324829102e-01
-1.145380258560180664e+00,-1.124282628297805786e-01,2.200501918792724609e+00,-1.187145829200744629e+00
4.657393395900726318e-01,1.010443449020385742e+00,-4.604759216308593750e-01,-2.811201810836791992e-01
-6.543271541595458984e-01,9.334870427846908569e-02,4.664054811000823975e-01,-6.653121113777160645e-01
1.908030390739440918e+00,-1.757625818252563477e+00,2.805615663528442383e-01,-2.753713726997375488e-01
-1.734823822975158691e+00,-2.048086166381835938e+00,8.198235630989074707e-01,1.421949744224548340e+00
1.068571329116821289e+00,-1.290164589881896973e+00,2.072095125913619995e-01,1.314194798469543457e+00
-3.921970129013061523e-01,1.005261093378067017e-01,-1.620901823043823242e-01,3.600239455699920654e-01
-4.333686828613281250e-01,-1.543331623077392578e+00,5.219941735267639160e-01,-4.154325425624847412e-01
-3.930806517601013184e-01,1.067520305514335632e-02,-1.862060464918613434e-02,-1.425724983215332031e+00
-1.663727164268493652e+00,2.222011327743530273e+00,9.989960789680480957e-01,-1.690189003944396973e+00
-3.547273874282836914e-01,2.620528824627399445e-02,1.584080457687377930e-01,3.123433589935302734e-01
-1.376417160034179688e+00,9.189330786466598511e-02,-5.562275052070617676e-01,4.719163775444030762e-01
2.085803449153900146e-01,-1.201704502105712891e+00,-2.991113424301147461e+00,-1.127772927284240723e+00
-9.859462380409240723e-01,-5.209747552871704102e-01,1.255434870719909668e+00,-1.727578639984130859e+00
-3.611177504062652588e-01,-1.003610014915466309e+00,-9.234053492546081543e-01,-9.888662099838256836e-01
-1.177399158477783203e+00,1.101192593574523926e+00,-3.925948739051818848e-01,-3.036994338035583496e-01
-5.945706963539123535e-01,1.348896026611328125e+00,-2.153943292796611786e-02,1.628490090370178223e+00
1.098463177680969238e+00,2.097822666168212891e+00,1.398577451705932617e+00,-3.330768346786499023e-01
-4.566288292407989502e-01,-2.445250749588012695e+00,9.616126418113708496e-01,-9.401735663414001465e-01
9.111423492431640625e-01,1.617929637432098389e-01,-1.221125721931457520e+00,1.639211624860763550e-01
-9.986170381307601929e-02,-1.525139063596725464e-01,-1.590231776237487793e+00,1.392842173576354980e+00
2.035285681486129761e-01,-1.653406977653503418e+00,1.000372245907783508e-01,1.467548310756683350e-01
-7.378075718879699707e-01,-1.005682110786437988e+00,3.291578963398933411e-02,4.488668963313102722e-02
-1.162260293960571289e+00,-1.192767173051834106e-01,-5.305389761924743652e-01,6.877529025077819824e-01
1.834623694419860840e+00,-2.909067086875438690e-03,1.577449440956115723e+00,-9.272440075874328613e-01
-5.013712644577026367e-01,-8.414220996201038361e-03,2.414451539516448975e-01,-4.107103869318962097e-02
-3.233721852302551270e-01,1.218159914016723633e+00,1.519718527793884277e+00,-2.326023727655410767e-01
-1.086509704589843750e+00,9.566068053245544434e-01,6.684167385101318359e-01,2.603989541530609131e-01
1.011592149734497070e+00,4.653633236885070801e-01,1.869551062583923340e+00,1.792171359062194824e+00
7.599606513977050781e-01,6.107087135314941406e-01,1.344257235527038574e+00,-6.826803684234619141e-01
2.481751292943954468e-01,-1.897991180419921875e+00,-2.037434577941894531e+00,-2.163461744785308838e-01
-2.995222330093383789e+00,5.270442739129066467e-02,9.596116542816162109e-01,-2.951726913452148438e-01
-4.061112105846405029e-01,1.800329804420471191e+00,-1.044804215431213379e+00,-2.579498589038848877e-01
1.538062453269958496e+00,-6.666193604469299316e-01,-6.073623299598693848e-01,-9.979178905487060547e-01
1.979776740074157715e+00,-9.600312113761901855e-01,2.830762863159179688e-01,1.934159517288208008e+00
-9.626706242561340332e-01,5.278517007827758789e-01,5.550150275230407715e-01,2.767795622348785400e-01
-1.557620167732238770e-01,-9.325651526451110840e-01,-1.160670757293701172e+00,-8.656246662139892578e-01
2.070080995559692383e+00,-2.291172593832015991e-01,-4.401128292083740234e-01,1.093011498451232910e+00
1.708959937095642090e+00,-5.369709134101867676e-01,-1.789532303810119629e+00,5.159724354743957520e-01
-1.898980587720870972e-01,-2.055778264999389648e+00,4.545801281929016113e-01,9.871840476989746094e-01
-3.877024054527282715e-01,-1.031110644340515137e+00,-3.689498305320739746e-01,3.024153113365173340e-01
-2.252786159515380859e+00,6.714225411415100098e-01,8.121349811553955078e-01,-2.849523425102233887e-01
2.902758419513702393e-01,8.732239007949829102e-01,-4.295001924037933350e-01,3.370615839958190918e-01
-4.235327243804931641e-01,-1.868016242980957031e+00,-5.721738934516906738e-01,-1.393845081329345703e+00
-5.364716649055480957e-01,-4.269209802150726318e-01,-1.598366618156433105e+00,1.096021771430969238e+00
-1.983813643455505371e-01,-3.099906146526336670e-01,1.306290745735168457e+00,-3.223020136356353760e-01
1.923179507255554199e+00,-2.329530268907546997e-01,-8.296099305152893066e-02,-4.282450675964355469e-01
8.618972897529602051e-01,-9.975654482841491699e-01,-6.787423491477966309e-01,-5.144245624542236328e-01
9.491663575172424316e-01,1.521726608276367188e+00,5.722792148590087891e-01,-5.162217020988464355e-01
2.706499338150024414e+00,-1.196556925773620605e+00,7.518628835678100586e-01,2.094424096867442131e-03
-8.301997184753417969e-01,2.303979825228452682e-03,-8.658902347087860107e-02,-8.007957041263580322e-02
-7.263020873069763184e-01,1.953883886337280273e+00,-2.829200923442840576e-01,-7.760388851165771484e-01
-1.891884922981262207e+00,-2.385213971138000488e-01,2.680102586746215820e-01,1.209658384323120117e+00
-1.486256252974271774e-03,6.495390534400939941e-01,1.596646666526794434e+00,-1.731204241514205933e-01
-1.253025770187377930e+00,1.318146467208862305e+00,-1.027513384819030762e+00,-2.051966935396194458e-01
-1.367135286331176758e+00,-3.247294127941131592e-01,8.747376203536987305e-01,-1.384305506944656372e-01
4.629976749420166016e-01,9.980891346931457520e-01,-1.188477158546447754e+00,-9.812639355659484863e-01
-1.706800699234008789e+00,8.087068200111389160e-01,-2.435615956783294678e-01,1.381724119186401367e+00
5.565853118896484375e-01,2.670000493526458740e-01,1.804825067520141602e+00,-1.292313694953918457e+00
6.306496858596801758e-01,1.952776610851287842e-01,1.083984613418579102e+00,-1.688327074050903320e+00
-2.085717678070068359e+00,-1.023613691329956055e+00,-4.707555472850799561e-01,7.183835655450820923e-02
2.935784161090850830e-01,4.469750821590423584e-01,-1.100125193595886230e+00,9.936098456382751465e-01
1.530043959617614746e+00,1.744251996278762817e-01,9.079676866531372070e-01,1.402459740638732910e+00
-7.365079522132873535e-01,-3.611897826194763184e-01,-1.806979894638061523e+00,-7.498855590820312500e-01
6.854684948921203613e-01,-7.120350003242492676e-01,6.922087073326110840e-01,-2.275752574205398560e-01
-8.323019742965698242e-01,-3.220915794372558594e-01,1.898156106472015381e-01,7.163870930671691895e-01
-8.276964426040649414e-01,4.091737270355224609e-01,9.912440180778503418e-01,-1.764070034027099609e+00
-1.885889410972595215e+00,3.318052887916564941e-01,4.595596790313720703e-01,7.195038795471191406e-01
-1.749860048294067383e+00,-5.265535116195678711e-01,1.638555169105529785e+00,-1.280515432357788086e+00
2.620323598384857178e-01,-1.224910020828247070e+00,1.260190248489379883e+00,6.489712595939636230e-01
1.582659602165222168e+00,-9.652833938598632812e-01,6.322448700666427612e-02,-4.551315605640411377e-01
-3.476955592632293701e-01,-1.065390706062316895e+00,1.164816021919250488e+00,7.688969969749450684e-01
9.352350831031799316e-01,-1.366028189659118652e+00,1.106258153915405273e+00,1.357014775276184082e+00
1.528308033943176270e+00,-3.225838243961334229e-01,-2.401104420423507690e-01,-1.555472016334533691e+00
-8.042244315147399902e-01,1.044467806816101074e+00,9.819127619266510010e-02,-7.971554994583129883e-01
7.364353537559509277e-02,1.564759850502014160e+00,1.549492359161376953e+00,-1.173959858715534210e-02
2.705363333225250244e-01,-9.784876108169555664e-01,1.261400580406188965e+00,-1.105738952755928040e-01
4.510677158832550049e-01,-8.265038132667541504e-01,-5.026715993881225586e-01,-9.033010601997375488e-01
-5.554323196411132812e-01,1.073348164558410645e+00,-1.493567824363708496e+00,-1.851525783538818359e+00
-4.547391086816787720e-02,-1.094342589378356934e+00,1.446217775344848633e+00,9.372444748878479004e-01
-1.592993140220642090e-01,9.761256165802478790e-03,-1.511917591094970703e+00,-1.916029691696166992e+00
2.367924004793167114e-01,7.143064737319946289e-01,-3.670648336410522461e-01,4.499296545982360840e-01
-4.268267750740051270e-02,2.845458388328552246e-01,3.015557527542114258e-01,-1.229011893272399902e+00
-7.434840202331542969e-01,-7.249359786510467529e-02,-1.348486065864562988e+00,1.314879894256591797e+00
7.378961443901062012e-01,-3.233706653118133545e-01,-5.975513458251953125e-01,-2.044122219085693359e+00
-8.154639005661010742e-01,-1.313579440116882324e+00,-1.322309970855712891e+00,9.773902893066406250e-01
6.986653208732604980e-01,1.346346974372863770e+00,6.468566060066223145e-01,-2.365643978118896484e+00
4.774759709835052490e-02,-6.463290452957153320e-01,1.038900613784790039e+00,1.374110698699951172e+00
7.585749030113220215e-01,-1.257085800170898438e-01,6.085770130157470703e-01,2.803103625774383545e-01
-1.453378438949584961e+00,-1.272476613521575928e-01,-1.678783297538757324e+00,-1.781302571296691895e+00
7.300205826759338379e-01,-3.345083296298980713e-01,-1.296051859855651855e+00,-3.687036037445068359e-01
-3.016115725040435791e-01,1.058400869369506836e+00,-2.873097360134124756e-01,-4.127599596977233887e-01
-8.258452415466308594e-01,4.630220532417297363e-01,-5.671401619911193848e-01,4.959312081336975098e-01
-1.101658105850219727e+00,-2.149583250284194946e-01,-7.014021277427673340e-01,-6.279190182685852051e-01
-7.298310995101928711e-01,3.160762786865234375e-01,-1.392354071140289307e-02,1.031745076179504395e+00
7.175169885158538818e-02,-3.375269472599029541e-01,-1.702085852622985840e+00,-9.502280950546264648e-01
-2.604696154594421387e-01,6.522688865661621094e-01,-2.005834579467773438e+00,1.100905472412705421e-03
1.055086731910705566e+00,5.286664962768554688e-01,2.246029525995254517e-01,8.527669310569763184e-01
-1.105383485555648804e-01,4.764614701271057129e-01,-1.119826436042785645e+00,-6.449053883552551270e-01
1.646072387695312500e+00,1.197176218032836914e+00,1.717271327972412109e+00,-1.958213299512863159e-01
1.843887090682983398e+00,3.980631530284881592e-01,2.635798752307891846e-01,-4.836184680461883545e-01
2.850080728530883789e-01,-9.055752754211425781e-01,2.269637435674667358e-01,-1.839679628610610962e-01
-5.543478727340698242e-01,-3.139138594269752502e-02,1.075906038284301758e+00,-6.305952072143554688e-01
3.749347925186157227e-01,9.285030364990234375e-01,3.653534054756164551e-01,-1.580887079238891602e+00
-8.066105842590332031e-01,-2.338483780622482300e-01,1.594637989997863770e+00,-1.170471310615539551e+00
-8.260458707809448242e-01,2.508513331413269043e-01,-3.062215745449066162e-01,1.043715700507164001e-01
9.721680879592895508e-01,3.354220390319824219e-01,1.020522594451904297e+00,-1.415076106786727905e-01
4.282510280609130859e-01,-1.679286956787109375e+00,-5.571659281849861145e-02,2.096462547779083252e-01
7.934583425521850586e-01,-7.995878458023071289e-01,1.545842647552490234e+00,-8.800181746482849121e-01
1.410218834877014160e+00,5.849683880805969238e-01,-3.280397653579711914e-01,6.820548772811889648e-01
5.372385382652282715e-01,1.821221858263015747e-01,6.305464506149291992e-01,-1.014436855912208557e-01
4.495616853237152100e-01,-9.169515371322631836e-01,-2.599182426929473877e-01,-4.719657897949218750e-01
-4.376474618911743164e-01,8.802884221076965332e-01,1.968757987022399902e+00,4.853352904319763184e-01
3.637908697128295898e-01,3.398973941802978516e-01,5.798081681132316589e-02,4.515331685543060303e-01
9.903095364570617676e-01,-1.206071227788925171e-01,-1.414413331076502800e-03,-8.282840251922607422e-01
-2.121819257736206055e+00,-2.066044092178344727e+00,1.112861782312393188e-01,-8.563062548637390137e-01
5.924146175384521484e-01,5.412462949752807617e-01,1.416135728359222412e-01,1.193569377064704895e-01
-7.583314180374145508e-01,4.456202983856201172e-01,-9.638757705688476562e-01,6.763955950736999512e-01
-1.186989188194274902e+00,-8.649116158485412598e-01,1.394882500171661377e-01,6.968103647232055664e-01
-1.208346057683229446e-02,-2.912539243698120117e-01,2.757059335708618164e+00,5.839285850524902344e-01
4.960517957806587219e-02,-1.100618362426757812e+00,-2.837726175785064697e-01,4.660550951957702637e-01
-9.092020392417907715e-01,1.070860028266906738e+00,-1.698249429464340210e-01,4.664182364940643311e-01
3.655974864959716797e-01,-2.695998549461364746e-01,3.092385232448577881e-01,-5.357241630554199219e-01
-8.279731869697570801e-01,6.076653003692626953e-01,-2.135909199714660645e-01,-3.775278031826019287e-01
2.823988676071166992e+00,3.341564536094665527e-01,-3.646873310208320618e-02,1.047820091247558594e+00
-1.581435561180114746e+00,4.256377518177032471e-01,1.671442687511444092e-01,-8.627441525459289551e-01
-1.609648615121841431e-01,1.174903869628906250e+00,-1.066316246986389160e+00,-2.181322127580642700e-01
7.348762750625610352e-01,1.033580780029296875e+00,-5.843555927276611328e-02,-1.316920399665832520e+00
1.750720143318176270e+00,1.800951659679412842e-01,4.601538777351379395e-01,3.939199745655059814e-01
-3.119401931762695312e-01,-1.342323303222656250e+00,-4.355272352695465088e-01,-1.043244719505310059e+00
1.491152793169021606e-01,-8.679416179656982422e-01,-9.087676405906677246e-01,-8.236773610115051270e-01
-2.077382564544677734e+00,-8.932105898857116699e-01,-9.933919310569763184e-01,7.391876727342605591e-02
-5.774680972099304199e-01,-5.394870638847351074e-01,2.422779649496078491e-01,6.051436662673950195e-01
5.762583613395690918e-01,-9.084885716438293457e-01,-2.240314930677413940e-01,-1.354750096797943115e-01
-1.679213881492614746e+00,-2.862047851085662842e-01,4.139591455459594727e-01,-2.884859561920166016e+00
-1.557167649269104004e+00,-7.476054430007934570e-01,8.055027723312377930e-01,-1.385975956916809082e+00
-6.116712093353271484e-01,7.453621029853820801e-01,-9.308085590600967407e-02,6.341800093650817871e-03
-4.511144757270812988e-02,1.236066699028015137e+00,-1.318010926246643066e+00,-6.718503683805465698e-02
4.834019839763641357e-01,1.949994683265686035e+00,4.289660453796386719e-01,-5.178394913673400879e-01
1.374678611755371094e-01,1.337153792381286621e+00,6.063448786735534668e-01,3.175797164440155029e-01
-6.939090788364410400e-02,-9.750671386718750000e-01,3.799282014369964600e-01,1.084627509117126465e+00
7.432097196578979492e-02,1.044940471649169922e+00,6.865032911300659180e-01,8.042840361595153809e-01
-2.678690552711486816e-01,1.612278342247009277e+00,-5.013102293014526367e-01,1.011572599411010742e+00
2.212800234556198120e-01,1.022780418395996094e+00,1.150032281875610352e-01,-1.040610671043395996e+00
2.360859870910644531e+00,1.401553869247436523e+00,-2.247126102447509766e-01,-2.175791263580322266e+00
-4.863187074661254883e-01,6.865271329879760742e-01,9.789050817489624023e-01,-5.344591140747070312e-01
1.083916902542114258e+00,-2.480111271142959595e-01,-1.834176301956176758e+00,-1.474914103746414185e-01
-8.516843318939208984e-01,1.251180171966552734e+00,6.531625986099243164e-01,1.143909454345703125e+00
-4.731467068195343018e-01,5.148960947990417480e-01,9.921624660491943359e-01,-4.736083745956420898e-01
-2.914858460426330566e-01,-8.246222883462905884e-02,1.296400547027587891e+00,-4.563308060169219971e-01
-1.356859803199768066e+00,-1.989566236734390259e-01,-7.596009969711303711e-01,4.443970620632171631e-01
-1.143808484077453613e+00,-4.044607877731323242e-01,-5.026726722717285156e-01,1.636095166206359863e+00
-3.557967841625213623e-01,1.072447538375854492e+00,5.796241164207458496e-01,6.365391016006469727e-01
1.051285028457641602e+00,-3.578437268733978271e-01,-4.386098980903625488e-01,-1.680849194526672363e+00
4.729537367820739746e-01,-2.348881810903549194e-01,-3.015707731246948242e-01,6.485893726348876953e-01
-1.201447397470474243e-01,7.208880186080932617e-01,-3.617080301046371460e-02,-1.109546303749084473e+00
3.609904050827026367e-01,-6.466170549392700195e-01,1.245124578475952148e+00,-8.097743391990661621e-01
-5.182288885116577148e-01,-1.179432272911071777e+00,-4.807152152061462402e-01,-6.227733492851257324e-01
-1.196588397026062012e+00,1.197618246078491211e-01,-3.430227637290954590e-01,7.733582705259323120e-02
4.791272878646850586e-01,3.641556501388549805e-01,-8.308885097503662109e-01,1.029613241553306580e-01
2.420817136764526367e+00,-5.361112356185913086e-01,3.085724711418151855e-01,2.369995713233947754e-01
1.368838429450988770e+00,-2.270681709051132202e-01,-8.708099126815795898e-01,8.291611671447753906e-01
-3.029693365097045898e-01,-1.001260757446289062e+00,-5.679467320442199707e-01,-1.158539652824401855e+00
4.998404979705810547e-01,1.251810431480407715e+00,-7.506943345069885254e-01,-1.005601644515991211e+00
-1.097057223320007324e+00,7.550961375236511230e-01,-1.728335618972778320e-01,5.252141356468200684e-01
-2.776795923709869385e-01,-1.609941124916076660e+00,1.255877912044525146e-01,-3.122147619724273682e-01
7.123983651399612427e-02,4.870747029781341553e-01,2.987086176872253418e-01,7.564665675163269043e-01
-4.788194000720977783e-01,-1.091847658157348633e+00,-5.500029325485229492e-01,2.895234897732734680e-02
4.073268473148345947e-01,1.711756110191345215e+00,-1.289061456918716431e-01,1.596794962882995605e+00
1.902357816696166992e+00,1.061673283576965332e+00,1.543711781501770020e+00,-3.528893589973449707e-01
-9.924183487892150879e-01,-7.308186292648315430e-01,-9.090506434440612793e-01,9.782999753952026367e-01
-7.222163081169128418e-01,-6.697628498077392578e-01,-9.991912841796875000e-01,2.850036621093750000e-01
3.498466908931732178e-01,1.224531769752502441e+00,2.017773151397705078e+00,-1.191669225692749023e+00
-2.154174804687500000e+00,1.586886525154113770e+00,4.747890830039978027e-01,-6.165180802345275879e-01
1.133051395416259766e+00,1.078698039054870605e+00,2.040861368179321289e+00,-6.091079115867614746e-01
-6.537984013557434082e-01,-1.179202198982238770e+00,5.308120250701904297e-01,1.390482336282730103e-01
-6.408978700637817383e-01,-1.802987456321716309e-01,6.938694119453430176e-01,-6.153704524040222168e-01
-1.283032059669494629e+00,-1.053840041160583496e+00,-1.963346749544143677e-01,2.377910166978836060e-01
-2.602158486843109131e-01,1.059921503067016602e+00,3.129270672798156738e-01,-1.517637252807617188e+00
-7.582592964172363281e-02,3.182684183120727539e-01,1.573959738016128540e-01,-1.419278025627136230e+00
1.292341232299804688e+00,6.614858508110046387e-01,4.280795454978942871e-01,6.634387373924255371e-01
-1.284237384796142578e+00,1.554714202880859375e+00,2.160871326923370361e-01,-1.139888048171997070e+00
-1.223947882652282715e+00,9.902794361114501953e-01,3.035340905189514160e-01,-6.709013581275939941e-01
-6.730751395225524902e-01,-2.729632556438446045e-01,1.130915433168411255e-01,7.902628779411315918e-01
-8.918871879577636719e-01,-5.556517243385314941e-01,-1.685481071472167969e+00,-3.338037729263305664e-01
1.395533978939056396e-01,5.778120756149291992e-01,-1.547821909189224243e-01,1.767660081386566162e-01
3.138461410999298096e-01,8.041857182979583740e-02,2.692911401391029358e-02,-5.800181627273559570e-01
-1.383648216724395752e-01,5.222003161907196045e-02,-8.429591059684753418e-01,-1.833616614341735840e+00
-1.621185660362243652e+00,-1.061533093452453613e+00,7.165615558624267578e-01,-6.202034950256347656e-01
-8.317143917083740234e-01,1.054376959800720215e+00,-5.092735886573791504e-01,-4.274830818176269531e-01
